,Muscle Groups,Exercise,Sets,Reps
Chest + Shoulders + Triceps,,,,
,Chest + Shoulders + Triceps,Bench Press (Barbell),4,5
,Chest + Shoulders + Triceps,Incline Bench Press (Dumbbell),4,8
,Chest + Shoulders + Triceps,BtB Lateral Raises,4,15
,Chest + Shoulders + Triceps,Skull Crushers,3,8
Back + Biceps,,,,
,Back + Biceps,Deadlifts,4,5
,Back + Biceps,Rear Flies,4,15
,Back + Biceps,EZ-Bar Curls,3,8
,Back + Biceps,Bicep Curls,4,12
Chest + Shoulders,,,,
,Chest + Shoulders,Incline Bench Press (Barbell),3,8
,Chest + Shoulders,Dips,3,8
,Chest + Shoulders,Overhead Press (Dumbbell),3,10
,Chest + Shoulders,Cable Lateral Raises,5,12
,Chest + Shoulders,Rope Pulldowns,3,12
Back + Arms,,,,
,Back + Arms,Pull Ups,4,-
,Back + Arms,Rows (Barbell),4,8
,Back + Arms,Back Extensions,3,12
,Back + Arms,Hammer Curls,4,12
,Back + Arms,Cable Curls ,3,12
Legs,,,,
,Legs,Back Squats,4,5
,Legs,Split Squats,3,6
,Legs,Calf Raises,4,12

,,,Total Sets,Max Set Lift (lbs),Max Volume (lbs),Estimated 1RM (lbs)
Arms,,,,,,
,Arms,Bicep Curls,126,35,300,42
,Arms,Cable Curls,54,22,264,31
,Arms,Concentrated Curls,23,25,176,29
,Arms,Hammer Curls,107,40,330,48
,Arms,Rope Pulldowns,72,66,825,92
,Arms,Skull Crushers,75,75,900,105
,Arms,EZ-Bar Curls,33,60,480,76
Back,,,,,,
,Back,Back Extensions,9,25,300,35
,Back,Bent Over Row (Dumbbell),,,,
,Back,Deadlifts,110,335,2450,391
,Back,Pull Ups,,,,
,Back,Rear Flies,102,110,1200,139
,Back,Rows (Barbell),64,155,1240,196
,Back,Seated Cable Rows,18,165,1320,209
Chest,,,,,,
,Chest,Bench Press (Barbell),128,215,1550,251
,Chest,Bench Press (Dumbbell),,,,
,Chest,Chest Flies,57,140,1260,177
,Chest,Dips,57,25,200,32
,Chest,Incline Bench Press (Barbell),53,165,990,198
,Chest,Incline Bench Press (Dumbbell),95,75,600,95
Legs,,,,,,
,Legs,Back Squat,80,315,1575,368
,Legs,Bulgarian Split Squats,18,50,600,70
,Legs,Calf Raises,79,230,2760,322
,Legs,Front Squat,23,185,1480,234
,Legs,Leg Extensions,,,,
,Legs,Split Squat,57,185,2220,259
Shoulders,,,,,,
,Shoulders,Arnold Press,24,50,500,67
,Shoulders,BtB Lateral Raises,91,20,247.5,25
,Shoulders,Cable Lateral Raises,45,16.5,240,24
,Shoulders,Egyptian Raises,15,35,280,44
,Shoulders,"Lateral, Front, Rear Raises",21,17.5,262.5,26
,Shoulders,Overhead Press (Barbell),,,,
,Shoulders,Overhead Press (Dumbbell),71,65,600,76
,Shoulders,Rear Delt Flies,8,25,250,33
,Shoulders,Seated Lateral Raises,27,30,300,40
,Shoulders,Shrugs,29,80,1200,105

,,Date,Set,Reps,Weight (lbs),Difficulty,,Volume (lbs),Est 1RM
January 2025,,,3,,0,,,0,0
,January 2025,"Jan 1, 2025",1,,,1,,0,0
,January 2025,"Jan 2, 2025",2,,,1,,0,0
,January 2025,"Jan 3, 2025",3,,,1,,0,0

,,Date,Set,Reps,Weight (lbs),Difficulty,,Volume (lbs),Est 1RM
February 2026,,,4,,60,,,480,76
,February 2026,"Feb 6, 2026",1,8,60,6,,480,76
,February 2026,"Feb 6, 2026",2,8,60,7,,480,76
,February 2026,"Feb 6, 2026",3,8,60,7,,480,76
,February 2026,"Feb 6, 2026",4,8,60,8,,480,76

,,Date,Set,Reps,Weight (lbs),Difficulty,,Volume (lbs),Est 1RM
January 2026,,,3,,140,,,1680,196
,January 2026,"Jan 30, 2026",1,12,130,6,,1560,182
,January 2026,"Jan 30, 2026",2,12,130,7,,1560,182
,January 2026,"Jan 30, 2026",3,12,140,7,,1680,196
February 2026,,,3,,140,,,1680,196
,February 2026,"Feb 17, 2026",1,12,140,7,,1680,196
,February 2026,"Feb 17, 2026",2,12,140,8,,1680,196
,February 2026,"Feb 17, 2026",3,12,140,8,,1680,196
March 2026,,,3,,140,,,1680,196
,March 2026,"Mar 10, 2026",1,12,140,7,,1680,196
,March 2026,"Mar 10, 2026",2,12,140,7,,1680,196
,March 2026,"Mar 10, 2026",3,12,140,8,,1680,196

,,Date,Set,Reps,Weight (lbs),Difficulty,,Volume (lbs),Est 1RM
January 2026,,,3,,60,,,480,76
,January 2026,"Jan 27, 2026",1,8,50,7,,400,63
,January 2026,"Jan 27, 2026",2,8,50,7,,400,63
,January 2026,"Jan 27, 2026",3,8,60,8,,480,76
February 2026,,,6,,60,,,480,76
,February 2026,"Feb 9, 2026",1,8,60,8,,480,76
,February 2026,"Feb 9, 2026",2,8,60,8,,480,76
,February 2026,"Feb 9, 2026",3,8,60,9,,480,76
,February 2026,"Feb 21, 2026",1,8,60,8,,480,76
,February 2026,"Feb 21, 2026",2,8,60,9,,480,76
,February 2026,"Feb 21, 2026",3,8,50,8,,400,63
March 2026,,,9,,60,,,480,76
,March 2026,"Mar 1, 2026",1,8,60,8,,480,76
,March 2026,"Mar 1, 2026",2,8,60,9,,480,76
,March 2026,"Mar 1, 2026",3,8,60,9,,480,76
,March 2026,"Mar 8, 2026",1,8,60,8,,480,76
,March 2026,"Mar 8, 2026",2,8,60,8,,480,76
,March 2026,"Mar 8, 2026",3,8,60,9,,480,76
,March 2026,"Mar 22, 2026",1,8,60,7,,480,76
,March 2026,"Mar 22, 2026",2,8,60,8,,480,76
,March 2026,"Mar 22, 2026",3,8,60,8,,480,76
April 2026,,,9,,60,,,480,76
,April 2026,"Apr 5, 2026",1,8,60,8,,480,76
,April 2026,"Apr 5, 2026",2,8,50,6,,400,63
,April 2026,"Apr 5, 2026",3,8,50,6,,400,63
,April 2026,"Apr 12, 2026",1,8,50,6,,400,63
,April 2026,"Apr 12, 2026",2,8,50,7,,400,63
,April 2026,"Apr 12, 2026",3,8,50,7,,400,63
,April 2026,"Apr 23, 2026",1,8,50,5,,400,63
,April 2026,"Apr 23, 2026",2,8,50,6,,400,63
,April 2026,"Apr 23, 2026",3,8,50,7,,400,63
May 2026,,,6,,60,,,480,76
,May 2026,"May 3, 2026",1,8,50,5,,400,63
,May 2026,"May 3, 2026",2,8,50,6,,400,63
,May 2026,"May 3, 2026",3,8,60,8,,480,76
,May 2026,"May 15, 2026",1,8,60,7,,480,76
,May 2026,"May 15, 2026",2,8,60,8,,480,76
,May 2026,"May 15, 2026",3,8,60,9,,480,76

,,Date,Set,Reps,Weight (lbs),Difficulty,,Volume (lbs),Est 1RM
January 2026,,,5,,11,,,132,15
,January 2026,"Jan 28, 2026",1,12,11,6,,132,15
,January 2026,"Jan 28, 2026",2,12,11,8,,132,15
,January 2026,"Jan 28, 2026",3,12,11,8,,132,15
,January 2026,"Jan 28, 2026",4,12,11,9,,132,15
,January 2026,"Jan 28, 2026",5,12,11,10,,132,15
February 2026,,,15,,16,,,192,22
,February 2026,"Feb 5, 2026",1,12,11,4,,132,15
,February 2026,"Feb 5, 2026",2,12,11,7,,132,15
,February 2026,"Feb 5, 2026",3,12,11,9,,132,15
,February 2026,"Feb 5, 2026",4,12,11,10,,132,15
,February 2026,"Feb 5, 2026",5,12,11,10,,132,15
,February 2026,"Feb 14, 2026",1,15,11,5,,165,17
,February 2026,"Feb 14, 2026",2,12,11,6,,132,15
,February 2026,"Feb 14, 2026",3,12,11,8,,132,15
,February 2026,"Feb 14, 2026",4,12,11,8,,132,15
,February 2026,"Feb 14, 2026",5,12,11,8,,132,15
,February 2026,"Feb 22, 2026",1,12,11,6,,132,15
,February 2026,"Feb 22, 2026",2,12,16,10,,192,22
,February 2026,"Feb 22, 2026",3,12,11,7,,132,15
,February 2026,"Feb 22, 2026",4,12,11,8,,132,15
,February 2026,"Feb 22, 2026",5,12,11,8,,132,15
March 2026,,,5,,16,,,192,22
,March 2026,"Mar 25, 2026",1,12,16,7,,192,22
,March 2026,"Mar 25, 2026",2,12,16,8,,192,22
,March 2026,"Mar 25, 2026",3,12,16,9,,192,22
,March 2026,"Mar 25, 2026",4,12,11,8,,132,15
,March 2026,"Mar 25, 2026",5,12,11,8,,132,15
April 2026,,,15,,16,,,240,24
,April 2026,"Apr 4, 2026",1,15,16,7,,240,24
,April 2026,"Apr 4, 2026",2,12,16,8,,192,22
,April 2026,"Apr 4, 2026",3,12,11,8,,132,15
,April 2026,"Apr 4, 2026",4,12,11,8,,132,15
,April 2026,"Apr 4, 2026",5,12,11,8,,132,15
,April 2026,"Apr 16, 2026",1,12,16,7,,192,22
,April 2026,"Apr 16, 2026",2,12,16,8,,192,22
,April 2026,"Apr 16, 2026",3,12,11,6,,132,15
,April 2026,"Apr 16, 2026",4,12,11,8,,132,15
,April 2026,"Apr 16, 2026",5,12,11,7,,132,15
,April 2026,"Apr 25, 2026",1,12,16,7,,192,22
,April 2026,"Apr 25, 2026",2,12,16,7,,192,22
,April 2026,"Apr 25, 2026",3,12,11,6,,132,15
,April 2026,"Apr 25, 2026",4,12,11,6,,132,15
,April 2026,"Apr 25, 2026",5,12,16,9,,192,22
May 2026,,,5,,16.5,,,198,23
,May 2026,"May 5, 2026",1,12,16.5,9,,198,23
,May 2026,"May 5, 2026",2,12,16,9,,192,22
,May 2026,"May 5, 2026",3,12,11,6,,132,15
,May 2026,"May 5, 2026",4,12,11,7,,132,15
,May 2026,"May 5, 2026",5,12,11,7,,132,15

,,Date,Set,Reps,Weight (lbs),Difficulty,,Volume (lbs),Est 1RM
November 2025,,,3,,20,,,120,24
,November 2025,"Nov 30, 2025",1,8,15,5,,120,19
,November 2025,"Nov 30, 2025",2,6,20,9,,120,24
,November 2025,"Nov 30, 2025",3,8,15,8,,120,19
December 2025,,,6,,20,,,120,24
,December 2025,"Dec 7, 2025",1,8,15,7,,120,19
,December 2025,"Dec 7, 2025",2,8,15,8,,120,19
,December 2025,"Dec 7, 2025",3,8,15,8,,120,19
,December 2025,"Dec 13, 2025",1,8,15,6,,120,19
,December 2025,"Dec 13, 2025",2,8,15,7,,120,19
,December 2025,"Dec 13, 2025",3,6,20,9,,120,24
January 2026,,,13,,22,,,258,30
,January 2026,"Jan 4, 2026",1,8,15,6,,120,19
,January 2026,"Jan 4, 2026",2,8,15,7,,120,19
,January 2026,"Jan 4, 2026",3,8,15,8,,120,19
,January 2026,"Jan 12, 2026",1,8,15,3,,120,19
,January 2026,"Jan 12, 2026",2,8,20,8,,160,25
,January 2026,"Jan 12, 2026",3,8,20,10,,160,25
,January 2026,"Jan 25, 2026",1,8,22,9,,176,28
,January 2026,"Jan 25, 2026",2,8,21.5,8,,172,27
,January 2026,"Jan 25, 2026",3,8,21.5,8,,172,27
,January 2026,"Jan 25, 2026",4,8,21.5,8,,172,27
,January 2026,"Jan 29, 2026",1,12,21.5,10,,258,30
,January 2026,"Jan 29, 2026",2,12,16.5,10,,198,23
,January 2026,"Jan 29, 2026",3,12,16,9,,192,22
February 2026,,,12,,21.5,,,258,30
,February 2026,"Feb 6, 2026",1,12,16,4,,192,22
,February 2026,"Feb 6, 2026",2,12,16.5,7,,198,23
,February 2026,"Feb 6, 2026",3,12,21.5,9,,258,30
,February 2026,"Feb 6, 2026",4,12,16.5,7,,198,23
,February 2026,"Feb 15, 2026",1,12,16.5,8,,198,23
,February 2026,"Feb 15, 2026",2,12,16.5,8,,198,23
,February 2026,"Feb 15, 2026",3,12,16.5,9,,198,23
,February 2026,"Feb 15, 2026",4,12,16,9,,192,22
,February 2026,"Feb 24, 2026",1,12,16.5,7,,198,23
,February 2026,"Feb 24, 2026",2,12,16.5,8,,198,23
,February 2026,"Feb 24, 2026",3,12,16.5,8,,198,23
,February 2026,"Feb 24, 2026",4,12,16.5,9,,198,23
March 2026,,,4,,16.5,,,198,23
,March 2026,"Mar 27, 2026",1,12,16.5,8,,198,23
,March 2026,"Mar 27, 2026",2,12,16.5,8,,198,23
,March 2026,"Mar 27, 2026",3,12,16.5,8,,198,23
,March 2026,"Mar 27, 2026",4,12,16.5,8,,198,23
April 2026,,,12,,22,,,264,31
,April 2026,"Apr 3, 2026",1,12,16.5,8,,198,23
,April 2026,"Apr 3, 2026",2,12,16.5,8,,198,23
,April 2026,"Apr 3, 2026",3,12,16.5,9,,198,23
,April 2026,"Apr 3, 2026",4,12,16,8,,192,22
,April 2026,"Apr 18, 2026",1,12,16.5,7,,198,23
,April 2026,"Apr 18, 2026",2,12,16.5,8,,198,23
,April 2026,"Apr 18, 2026",3,12,16.5,9,,198,23
,April 2026,"Apr 18, 2026",4,12,16,7,,192,22
,April 2026,"Apr 28, 2026",1,12,16.5,3,,198,23
,April 2026,"Apr 28, 2026",2,12,22,9,,264,31
,April 2026,"Apr 28, 2026",3,12,16.5,6,,198,23
,April 2026,"Apr 28, 2026",4,12,16.5,6,,198,23
May 2026,,,4,,22,,,264,31
,May 2026,"May 7, 2026",1,12,22,10,,264,31
,May 2026,"May 7, 2026",2,12,16.5,8,,198,23
,May 2026,"May 7, 2026",3,12,16.5,7,,198,23
,May 2026,"May 7, 2026",4,12,16.5,9,,198,23

,,Date,Set,Reps,Weight (lbs),Difficulty,,Volume (lbs),Est 1RM
December 2025,,,3,,120,,,960,152
,December 2025,"Dec 3, 2025",1,8,85,5,,680,108
,December 2025,"Dec 3, 2025",2,8,100,6,,800,127
,December 2025,"Dec 3, 2025",3,8,120,8,,960,152
January 2026,,,6,,165,,,1320,209
,January 2026,"Jan 22, 2026",1,8,121,4,,968,153
,January 2026,"Jan 22, 2026",2,8,143,6,,1144,181
,January 2026,"Jan 22, 2026",3,8,165,8,,1320,209
,January 2026,"Jan 29, 2026",1,8,55,5,,440,70
,January 2026,"Jan 29, 2026",2,8,66,8,,528,84
,January 2026,"Jan 29, 2026",3,8,66,8,,528,84
February 2026,,,9,,77,,,616,98
,February 2026,"Feb 3, 2026",1,8,66,4,,528,84
,February 2026,"Feb 3, 2026",2,8,77,8,,616,98
,February 2026,"Feb 3, 2026",3,8,77,10,,616,98
,February 2026,"Feb 15, 2026",1,8,66,5,,528,84
,February 2026,"Feb 15, 2026",2,8,66,7,,528,84
,February 2026,"Feb 15, 2026",3,8,66,7,,528,84
,February 2026,"Feb 21, 2026",1,8,66,5,,528,84
,February 2026,"Feb 21, 2026",2,8,77,8,,616,98
,February 2026,"Feb 21, 2026",3,8,77,9,,616,98

,,Date,Set,Reps,Weight (lbs),Difficulty,,Volume (lbs),Est 1RM
November 2025,,,6,,15,,,120,19
,November 2025,"Nov 28, 2025",1,8,10,6,,80,13
,November 2025,"Nov 28, 2025",2,8,15,9,,120,19
,November 2025,"Nov 28, 2025",3,8,15,7,,120,19
,November 2025,"Nov 30, 2025",1,8,10,5,,80,13
,November 2025,"Nov 30, 2025",2,8,15,9,,120,19
,November 2025,"Nov 30, 2025",3,8,10,7,,80,13
December 2025,,,17,,20,,,160,25
,December 2025,"Dec 6, 2025",1,8,10,5,,80,13
,December 2025,"Dec 6, 2025",2,8,15,9,,120,19
,December 2025,"Dec 6, 2025",3,8,10,6,,80,13
,December 2025,"Dec 11, 2025",1,8,12.5,7,,100,16
,December 2025,"Dec 11, 2025",2,8,12.5,8,,100,16
,December 2025,"Dec 11, 2025",3,8,12.5,8,,100,16
,December 2025,"Dec 14, 2025",1,8,12.5,7,,100,16
,December 2025,"Dec 14, 2025",2,8,12.5,7,,100,16
,December 2025,"Dec 14, 2025",3,8,12.5,7,,100,16
,December 2025,"Dec 16, 2025",1,8,20,7,,160,25
,December 2025,"Dec 16, 2025",2,8,20,7,,160,25
,December 2025,"Dec 16, 2025",3,8,20,8,,160,25
,December 2025,"Dec 16, 2025",4,8,20,8,,160,25
,December 2025,"Dec 30, 2025",1,8,12.5,8,,100,16
,December 2025,"Dec 30, 2025",2,8,12.5,8,,100,16
,December 2025,"Dec 30, 2025",3,8,12.5,8,,100,16
,December 2025,"Dec 30, 2025",4,8,12.5,8,,100,16
January 2026,,,24,,16.5,,,132,21
,January 2026,"Jan 3, 2026",1,8,10,7,,80,13
,January 2026,"Jan 3, 2026",2,8,10,7,,80,13
,January 2026,"Jan 3, 2026",3,8,10,7,,80,13
,January 2026,"Jan 3, 2026",4,8,10,8,,80,13
,January 2026,"Jan 8, 2026",1,8,12.5,7,,100,16
,January 2026,"Jan 8, 2026",2,8,12.5,8,,100,16
,January 2026,"Jan 8, 2026",3,8,12.5,8,,100,16
,January 2026,"Jan 8, 2026",4,8,12.5,8,,100,16
,January 2026,"Jan 11, 2026",1,8,12.5,8,,100,16
,January 2026,"Jan 11, 2026",2,8,12.5,8,,100,16
,January 2026,"Jan 11, 2026",3,8,12.5,8,,100,16
,January 2026,"Jan 11, 2026",4,8,12.5,8,,100,16
,January 2026,"Jan 17, 2026",1,8,12.5,4,,100,16
,January 2026,"Jan 17, 2026",2,8,15,7,,120,19
,January 2026,"Jan 17, 2026",3,8,15,7,,120,19
,January 2026,"Jan 17, 2026",4,8,15,8,,120,19
,January 2026,"Jan 23, 2026",1,8,16.5,7,,132,21
,January 2026,"Jan 23, 2026",2,8,16.5,7,,132,21
,January 2026,"Jan 23, 2026",3,8,16.5,8,,132,21
,January 2026,"Jan 23, 2026",4,8,16.5,8,,132,21
,January 2026,"Jan 26, 2026",1,8,16.5,7,,132,21
,January 2026,"Jan 26, 2026",2,8,16.5,7,,132,21
,January 2026,"Jan 26, 2026",3,8,16.5,8,,132,21
,January 2026,"Jan 26, 2026",4,8,16.5,8,,132,21
February 2026,,,16,,16,,,240,24
,February 2026,"Feb 1, 2026",1,15,11,3,,165,17
,February 2026,"Feb 1, 2026",2,15,16,8,,240,24
,February 2026,"Feb 1, 2026",3,15,16,10,,240,24
,February 2026,"Feb 1, 2026",4,15,16,10,,240,24
,February 2026,"Feb 8, 2026",1,15,16,7,,240,24
,February 2026,"Feb 8, 2026",2,15,16,10,,240,24
,February 2026,"Feb 8, 2026",3,15,11,10,,165,17
,February 2026,"Feb 8, 2026",4,15,11,10,,165,17
,February 2026,"Feb 19, 2026",1,15,16,6,,240,24
,February 2026,"Feb 19, 2026",2,15,11,8,,165,17
,February 2026,"Feb 19, 2026",3,15,11,8,,165,17
,February 2026,"Feb 19, 2026",4,15,11,10,,165,17
,February 2026,"Feb 26, 2026",1,15,16,5,,240,24
,February 2026,"Feb 26, 2026",2,15,11,6,,165,17
,February 2026,"Feb 26, 2026",3,15,11,7,,165,17
,February 2026,"Feb 26, 2026",4,15,11,8,,165,17
March 2026,,,8,,16,,,240,24
,March 2026,"Mar 6, 2026",1,15,11,7,,165,17
,March 2026,"Mar 6, 2026",2,15,11,7,,165,17
,March 2026,"Mar 6, 2026",3,15,11,8,,165,17
,March 2026,"Mar 6, 2026",4,15,11,10,,165,17
,March 2026,"Mar 21, 2026",1,15,11,4,,165,17
,March 2026,"Mar 21, 2026",2,15,16,9,,240,24
,March 2026,"Mar 21, 2026",3,15,11,7,,165,17
,March 2026,"Mar 21, 2026",4,15,11,9,,165,17
April 2026,,,16,,16.5,,,247.5,25
,April 2026,"Apr 1, 2026",1,15,16.5,9,,247.5,25
,April 2026,"Apr 1, 2026",2,15,11,7,,165,17
,April 2026,"Apr 1, 2026",3,15,11,7,,165,17
,April 2026,"Apr 1, 2026",4,15,11,8,,165,17
,April 2026,"Apr 11, 2026",1,15,16.5,10,,247.5,25
,April 2026,"Apr 11, 2026",2,15,11,7,,165,17
,April 2026,"Apr 11, 2026",3,15,11,7,,165,17
,April 2026,"Apr 11, 2026",4,15,11,8,,165,17
,April 2026,"Apr 19, 2026",1,15,11,5,,165,17
,April 2026,"Apr 19, 2026",2,15,11,6,,165,17
,April 2026,"Apr 19, 2026",3,15,11,6,,165,17
,April 2026,"Apr 19, 2026",4,15,11,7,,165,17
,April 2026,"Apr 29, 2026",1,15,16.5,9,,247.5,25
,April 2026,"Apr 29, 2026",2,15,11,6,,165,17
,April 2026,"Apr 29, 2026",3,15,11,8,,165,17
,April 2026,"Apr 29, 2026",4,15,11,8,,165,17
May 2026,,,4,,16.5,,,247.5,25
,May 2026,"May 12, 2026",1,15,16.5,8,,247.5,25
,May 2026,"May 12, 2026",2,15,16.5,9,,247.5,25
,May 2026,"May 12, 2026",3,15,11,6,,165,17
,May 2026,"May 12, 2026",4,15,11,6,,165,17

,,Date,Set,Reps,Weight (lbs),Difficulty,,Volume (lbs),Est 1RM
November 2025,,,4,,17.5,,,140,22
,November 2025,"Nov 25, 2025",1,8,15,6,,120,19
,November 2025,"Nov 25, 2025",2,8,17.5,8,,140,22
,November 2025,"Nov 25, 2025",3,8,17.5,8,,140,22
,November 2025,"Nov 25, 2025",4,8,17.5,8,,140,22
December 2025,,,6,,20,,,160,25
,December 2025,"Dec 3, 2025",1,8,17.5,7,,140,22
,December 2025,"Dec 3, 2025",2,8,17.5,7,,140,22
,December 2025,"Dec 3, 2025",3,8,20,9,,160,25
,December 2025,"Dec 16, 2025",1,8,20,7,,160,25
,December 2025,"Dec 16, 2025",2,8,20,7,,160,25
,December 2025,"Dec 16, 2025",3,8,20,7,,160,25
January 2026,,,9,,25,,,176,29
,January 2026,"Jan 2, 2026",1,5,25,9,,125,29
,January 2026,"Jan 2, 2026",2,8,20,8,,160,25
,January 2026,"Jan 2, 2026",3,8,20,10,,160,25
,January 2026,"Jan 9, 2026",1,8,20,8,,160,25
,January 2026,"Jan 9, 2026",2,8,20,8,,160,25
,January 2026,"Jan 9, 2026",3,8,20,8,,160,25
,January 2026,"Jan 22, 2026",1,8,22,7,,176,28
,January 2026,"Jan 22, 2026",2,8,22,8,,176,28
,January 2026,"Jan 22, 2026",3,8,22,8,,176,28
February 2026,,,4,,20,,,160,25
,February 2026,"Feb 4, 2026",1,8,20,7,,160,25
,February 2026,"Feb 4, 2026",2,8,20,8,,160,25
,February 2026,"Feb 4, 2026",3,8,20,8,,160,25
,February 2026,"Feb 4, 2026",4,8,20,8,,160,25

,,Date,Set,Reps,Weight (lbs),Difficulty,,Volume (lbs),Est 1RM
December 2025,,,3,,25,,,300,35
,December 2025,"Dec 3, 2025",1,12,25,8,,300,35
,December 2025,"Dec 3, 2025",2,12,25,8,,300,35
,December 2025,"Dec 3, 2025",3,12,25,8,,300,35
January 2026,,,6,,25,,,300,35
,January 2026,"Jan 4, 2026",1,12,25,7,,300,35
,January 2026,"Jan 4, 2026",2,12,25,8,,300,35
,January 2026,"Jan 4, 2026",3,12,25,8,,300,35
,January 2026,"Jan 12, 2026",1,12,25,6,,300,35
,January 2026,"Jan 12, 2026",2,12,25,8,,300,35
,January 2026,"Jan 12, 2026",3,12,25,8,,300,35

,,Date,Set,Reps,Weight (lbs),Difficulty,,Volume (lbs),Est 1RM
September 2025,,,6,,155,,,930,186
,September 2025,"Sep 21, 2025",1,6,135,8,,810,162
,September 2025,"Sep 21, 2025",2,6,135,8,,810,162
,September 2025,"Sep 21, 2025",3,6,135,8,,810,162
,September 2025,"Sep 29, 2025",1,6,135,6,,810,162
,September 2025,"Sep 29, 2025",2,6,135,6,,810,162
,September 2025,"Sep 29, 2025",3,6,155,8,,930,186
October 2025,,,3,,175,,,1050,210
,October 2025,"Oct 29, 2025",1,6,135,5,,810,162
,October 2025,"Oct 29, 2025",2,6,155,7,,930,186
,October 2025,"Oct 29, 2025",3,6,175,7,,1050,210
November 2025,,,3,,175,,,1050,210
,November 2025,"Nov 15, 2025",1,6,135,3,,810,162
,November 2025,"Nov 15, 2025",2,6,175,8,,1050,210
,November 2025,"Nov 15, 2025",3,6,175,8,,1050,210
December 2025,,,6,,175,,,1240,210
,December 2025,"Dec 4, 2025",1,8,155,8,,1240,196
,December 2025,"Dec 4, 2025",2,6,175,8,,1050,210
,December 2025,"Dec 4, 2025",3,6,175,8,,1050,210
,December 2025,"Dec 13, 2025",1,6,155,5,,930,186
,December 2025,"Dec 13, 2025",2,6,175,7,,1050,210
,December 2025,"Dec 13, 2025",3,6,175,7,,1050,210
January 2026,,,12,,185,,,1140,222
,January 2026,"Jan 6, 2026",1,6,155,5,,930,186
,January 2026,"Jan 6, 2026",2,6,175,8,,1050,210
,January 2026,"Jan 6, 2026",3,6,175,8,,1050,210
,January 2026,"Jan 13, 2026",1,6,175,8,,1050,210
,January 2026,"Jan 13, 2026",2,6,175,8,,1050,210
,January 2026,"Jan 13, 2026",3,6,175,7,,1050,210
,January 2026,"Jan 24, 2026",1,12,95,6,,1140,133
,January 2026,"Jan 24, 2026",2,12,95,7,,1140,133
,January 2026,"Jan 24, 2026",3,12,95,7,,1140,133
,January 2026,"Jan 30, 2026",1,6,175,6,,1050,210
,January 2026,"Jan 30, 2026",2,6,185,7,,1110,222
,January 2026,"Jan 30, 2026",3,6,185,8,,1110,222
February 2026,,,9,,185,,,1480,234
,February 2026,"Feb 7, 2026",1,6,185,7,,1110,222
,February 2026,"Feb 7, 2026",2,8,185,7,,1480,234
,February 2026,"Feb 7, 2026",3,8,185,8,,1480,234
,February 2026,"Feb 17, 2026",1,8,185,8,,1480,234
,February 2026,"Feb 17, 2026",2,8,185,8,,1480,234
,February 2026,"Feb 17, 2026",3,8,185,8,,1480,234
,February 2026,"Feb 25, 2026",1,8,185,7,,1480,234
,February 2026,"Feb 25, 2026",2,8,185,7,,1480,234
,February 2026,"Feb 25, 2026",3,8,185,8,,1480,234
March 2026,,,6,,185,,,1480,234
,March 2026,"Mar 10, 2026",1,8,185,7,,1480,234
,March 2026,"Mar 10, 2026",2,8,185,7,,1480,234
,March 2026,"Mar 10, 2026",3,8,185,7,,1480,234
,March 2026,"Mar 29, 2026",1,8,185,6,,1480,234
,March 2026,"Mar 29, 2026",2,8,185,7,,1480,234
,March 2026,"Mar 29, 2026",3,8,185,7,,1480,234
April 2026,,,9,,185,,,2220,259
,April 2026,"Apr 7, 2026",1,8,185,7,,1480,234
,April 2026,"Apr 7, 2026",2,8,185,7,,1480,234
,April 2026,"Apr 7, 2026",3,12,185,7,,2220,259
,April 2026,"Apr 14, 2026",1,8,185,4,,1480,234
,April 2026,"Apr 14, 2026",2,12,185,7,,2220,259
,April 2026,"Apr 14, 2026",3,12,185,7,,2220,259
,April 2026,"Apr 28, 2026",1,12,185,4,,2220,259
,April 2026,"Apr 28, 2026",2,12,185,6,,2220,259
,April 2026,"Apr 28, 2026",3,12,185,6,,2220,259
May 2026,,,3,,185,,,2220,259
,May 2026,"May 10, 2026",1,12,185,6,,2220,259
,May 2026,"May 10, 2026",2,12,185,6,,2220,259
,May 2026,"May 10, 2026",3,12,185,8,,2220,259

,,Date,Set,Reps,Weight (lbs),Difficulty,,Volume (lbs),Est 1RM
September 2025,,,5,,25,,,250,33
,September 2025,"Sep 18, 2025",1,10,20,3,,200,27
,September 2025,"Sep 18, 2025",2,10,25,7,,250,33
,September 2025,"Sep 18, 2025",3,10,25,7,,250,33
,September 2025,"Sep 27, 2025",1,10,25,6,,250,33
,September 2025,"Sep 27, 2025",2,10,25,8,,250,33
October 2025,,,3,,25,,,250,33
,October 2025,"Oct 26, 2025",1,10,25,7,,250,33
,October 2025,"Oct 26, 2025",2,10,25,7,,250,33
,October 2025,"Oct 26, 2025",3,10,25,7,,250,33

,,Date,Set,Reps,Weight (lbs),Difficulty,,Volume (lbs),Est 1RM
September 2025,,,6,,35,,,280,44
,September 2025,"Sep 18, 2025",1,8,35,5,,280,44
,September 2025,"Sep 18, 2025",2,8,35,6,,280,44
,September 2025,"Sep 18, 2025",3,8,35,6,,280,44
,September 2025,"Sep 27, 2025",1,8,35,8,,280,44
,September 2025,"Sep 27, 2025",2,8,35,7,,280,44
,September 2025,"Sep 27, 2025",3,8,35,8,,280,44
October 2025,,,3,,35,,,280,44
,October 2025,"Oct 26, 2025",1,8,35,6,,280,44
,October 2025,"Oct 26, 2025",2,8,35,7,,280,44
,October 2025,"Oct 26, 2025",3,8,35,7,,280,44
November 2025,,,6,,35,,,280,44
,November 2025,"Nov 1, 2025",1,8,35,7,,280,44
,November 2025,"Nov 1, 2025",2,8,35,7,,280,44
,November 2025,"Nov 1, 2025",3,8,35,7,,280,44
,November 2025,"Nov 5, 2025",1,8,35,7,,280,44
,November 2025,"Nov 5, 2025",2,8,35,7,,280,44
,November 2025,"Nov 5, 2025",3,8,35,7,,280,44

,,Date,Set,Reps,Weight (lbs),Difficulty,,Volume (lbs),Est 1RM
September 2025,,,8,,60,,,300,70
,September 2025,"Sep 18, 2025",1,5,45,2,,225,53
,September 2025,"Sep 18, 2025",2,5,55,7,,275,64
,September 2025,"Sep 18, 2025",3,5,55,8,,275,64
,September 2025,"Sep 18, 2025",4,5,55,9,,275,64
,September 2025,"Sep 27, 2025",1,5,55,6,,275,64
,September 2025,"Sep 27, 2025",2,5,55,6,,275,64
,September 2025,"Sep 27, 2025",3,5,60,7,,300,70
,September 2025,"Sep 27, 2025",4,5,60,9,,300,70
October 2025,,,4,,60,,,300,70
,October 2025,"Oct 26, 2025",1,5,50,4,,250,58
,October 2025,"Oct 26, 2025",2,5,55,7,,275,64
,October 2025,"Oct 26, 2025",3,5,60,8,,300,70
,October 2025,"Oct 26, 2025",4,5,60,9,,300,70
November 2025,,,16,,65,,,600,76
,November 2025,"Nov 1, 2025",1,5,55,6,,275,64
,November 2025,"Nov 1, 2025",2,5,60,8,,300,70
,November 2025,"Nov 1, 2025",3,5,60,8,,300,70
,November 2025,"Nov 1, 2025",4,5,60,8,,300,70
,November 2025,"Nov 5, 2025",1,12,45,7,,540,63
,November 2025,"Nov 5, 2025",2,12,50,8,,600,70
,November 2025,"Nov 5, 2025",3,12,50,9,,600,70
,November 2025,"Nov 5, 2025",4,8,50,10,,400,63
,November 2025,"Nov 26, 2025",1,5,55,6,,275,64
,November 2025,"Nov 26, 2025",2,5,60,7,,300,70
,November 2025,"Nov 26, 2025",3,5,65,8,,325,76
,November 2025,"Nov 26, 2025",4,5,65,9,,325,76
,November 2025,"Nov 30, 2025",1,5,60,8,,300,70
,November 2025,"Nov 30, 2025",2,5,60,9,,300,70
,November 2025,"Nov 30, 2025",3,5,55,8,,275,64
,November 2025,"Nov 30, 2025",4,5,55,8,,275,64
December 2025,,,4,,60,,,300,70
,December 2025,"Dec 11, 2025",1,5,55,7,,275,64
,December 2025,"Dec 11, 2025",2,5,55,7,,275,64
,December 2025,"Dec 11, 2025",3,5,60,8,,300,70
,December 2025,"Dec 11, 2025",4,5,60,9,,300,70
January 2026,,,15,,55,,,500,67
,January 2026,"Jan 3, 2026",1,5,50,7,,250,58
,January 2026,"Jan 3, 2026",2,5,50,7,,250,58
,January 2026,"Jan 3, 2026",3,5,50,7,,250,58
,January 2026,"Jan 3, 2026",4,5,50,7,,250,58
,January 2026,"Jan 11, 2026",1,6,50,7,,300,60
,January 2026,"Jan 11, 2026",2,5,50,6,,250,58
,January 2026,"Jan 11, 2026",3,5,55,8,,275,64
,January 2026,"Jan 11, 2026",4,5,55,8,,275,64
,January 2026,"Jan 23, 2026",1,5,50,6,,250,58
,January 2026,"Jan 23, 2026",2,5,50,6,,250,58
,January 2026,"Jan 23, 2026",3,5,55,7,,275,64
,January 2026,"Jan 23, 2026",4,5,55,7,,275,64
,January 2026,"Jan 28, 2026",1,10,50,7,,500,67
,January 2026,"Jan 28, 2026",2,10,50,8,,500,67
,January 2026,"Jan 28, 2026",3,10,50,10,,500,67
February 2026,,,9,,50,,,500,67
,February 2026,"Feb 5, 2026",1,10,50,10,,500,67
,February 2026,"Feb 5, 2026",2,10,40,8,,400,53
,February 2026,"Feb 5, 2026",3,10,40,10,,400,53
,February 2026,"Feb 14, 2026",1,12,40,6,,480,56
,February 2026,"Feb 14, 2026",2,10,45,7,,450,60
,February 2026,"Feb 14, 2026",3,10,45,7,,450,60
,February 2026,"Feb 22, 2026",1,10,40,7,,400,53
,February 2026,"Feb 22, 2026",2,10,40,7,,400,53
,February 2026,"Feb 22, 2026",3,10,40,7,,400,53
March 2026,,,3,,45,,,450,60
,March 2026,"Mar 25, 2026",1,10,40,6,,400,53
,March 2026,"Mar 25, 2026",2,10,40,6,,400,53
,March 2026,"Mar 25, 2026",3,10,45,6,,450,60
April 2026,,,9,,50,,,500,67
,April 2026,"Apr 4, 2026",1,10,40,6,,400,53
,April 2026,"Apr 4, 2026",2,10,45,7,,450,60
,April 2026,"Apr 4, 2026",3,10,45,7,,450,60
,April 2026,"Apr 16, 2026",1,10,40,6,,400,53
,April 2026,"Apr 16, 2026",2,10,45,6,,450,60
,April 2026,"Apr 16, 2026",3,10,50,8,,500,67
,April 2026,"Apr 25, 2026",1,10,45,7,,450,60
,April 2026,"Apr 25, 2026",2,10,45,7,,450,60
,April 2026,"Apr 25, 2026",3,10,45,7,,450,60
May 2026,,,3,,45,,,450,60
,May 2026,"May 5, 2026",1,10,45,7,,450,60
,May 2026,"May 5, 2026",2,10,45,8,,450,60
,May 2026,"May 5, 2026",3,10,45,8,,450,60

,,Date,Set,Reps,Weight (lbs),Difficulty,,Volume (lbs),Est 1RM
September 2025,,,8,,155,,,1140,186
,September 2025,"Sep 16, 2025",1,6,135,6,,810,162
,September 2025,"Sep 16, 2025",2,6,155,8,,930,186
,September 2025,"Sep 16, 2025",3,6,135,7,,810,162
,September 2025,"Sep 16, 2025",4,6,135,7,,810,162
,September 2025,"Sep 25, 2025",1,6,135,8,,810,162
,September 2025,"Sep 25, 2025",2,10,95,7,,950,127
,September 2025,"Sep 25, 2025",3,12,95,8,,1140,133
,September 2025,"Sep 25, 2025",4,12,95,8,,1140,133
October 2025,,,4,,135,,,1080,171
,October 2025,"Oct 25, 2025",1,8,135,7,,1080,171
,October 2025,"Oct 25, 2025",2,8,135,7,,1080,171
,October 2025,"Oct 25, 2025",3,8,135,7,,1080,171
,October 2025,"Oct 25, 2025",4,8,135,7,,1080,171
,October 2025,"Oct 9, 2025",,,,,,0,0
November 2025,,,12,,155,,,1240,196
,November 2025,"Nov 2, 2025",1,8,135,7,,1080,171
,November 2025,"Nov 2, 2025",2,8,135,8,,1080,171
,November 2025,"Nov 2, 2025",3,8,135,8,,1080,171
,November 2025,"Nov 2, 2025",4,8,135,8,,1080,171
,November 2025,"Nov 9, 2025",1,8,135,8,,1080,171
,November 2025,"Nov 9, 2025",2,8,135,8,,1080,171
,November 2025,"Nov 9, 2025",3,8,135,8,,1080,171
,November 2025,"Nov 9, 2025",4,8,135,8,,1080,171
,November 2025,"Nov 23, 2025",1,8,135,6,,1080,171
,November 2025,"Nov 23, 2025",2,8,135,6,,1080,171
,November 2025,"Nov 23, 2025",3,8,135,7,,1080,171
,November 2025,"Nov 23, 2025",4,8,155,9,,1240,196
January 2026,,,12,,135,,,1080,171
,January 2026,"Jan 4, 2026",1,8,135,7,,1080,171
,January 2026,"Jan 4, 2026",2,8,135,8,,1080,171
,January 2026,"Jan 4, 2026",3,8,135,8,,1080,171
,January 2026,"Jan 4, 2026",4,8,135,8,,1080,171
,January 2026,"Jan 12, 2026",1,8,135,9,,1080,171
,January 2026,"Jan 12, 2026",2,8,135,8,,1080,171
,January 2026,"Jan 12, 2026",3,8,135,8,,1080,171
,January 2026,"Jan 12, 2026",4,8,135,8,,1080,171
,January 2026,"Jan 29, 2026",1,8,95,8,,760,120
,January 2026,"Jan 29, 2026",2,8,95,7,,760,120
,January 2026,"Jan 29, 2026",3,8,115,8,,920,146
,January 2026,"Jan 29, 2026",4,8,115,7,,920,146
February 2026,,,8,,135,,,920,162
,February 2026,"Feb 15, 2026",1,8,115,7,,920,146
,February 2026,"Feb 15, 2026",2,8,115,8,,920,146
,February 2026,"Feb 15, 2026",3,8,115,7,,920,146
,February 2026,"Feb 15, 2026",4,8,115,7,,920,146
,February 2026,"Feb 24, 2026",1,6,135,8,,810,162
,February 2026,"Feb 24, 2026",2,8,115,7,,920,146
,February 2026,"Feb 24, 2026",3,8,115,7,,920,146
,February 2026,"Feb 24, 2026",4,8,115,7,,920,146
March 2026,,,4,,135,,,1080,171
,March 2026,"Mar 27, 2026",1,8,115,6,,920,146
,March 2026,"Mar 27, 2026",2,8,115,6,,920,146
,March 2026,"Mar 27, 2026",3,8,115,6,,920,146
,March 2026,"Mar 27, 2026",4,8,135,7,,1080,171
April 2026,,,12,,135,,,1080,171
,April 2026,"Apr 3, 2026",1,8,115,6,,920,146
,April 2026,"Apr 3, 2026",2,8,115,6,,920,146
,April 2026,"Apr 3, 2026",3,8,115,6,,920,146
,April 2026,"Apr 3, 2026",4,8,135,8,,1080,171
,April 2026,"Apr 18, 2026",1,8,115,7,,920,146
,April 2026,"Apr 18, 2026",2,8,115,6,,920,146
,April 2026,"Apr 18, 2026",3,8,115,6,,920,146
,April 2026,"Apr 18, 2026",4,8,135,7,,1080,171
,April 2026,"Apr 27, 2026",1,8,115,7,,920,146
,April 2026,"Apr 27, 2026",2,8,115,7,,920,146
,April 2026,"Apr 27, 2026",3,8,135,8,,1080,171
,April 2026,"Apr 27, 2026",4,8,135,8,,1080,171
May 2026,,,4,,135,,,1080,171
,May 2026,"May 7, 2026",1,8,135,7,,1080,171
,May 2026,"May 7, 2026",2,8,135,8,,1080,171
,May 2026,"May 7, 2026",3,8,135,8,,1080,171
,May 2026,"May 7, 2026",4,8,135,8,,1080,171

,,Date,Set,Reps,Weight (lbs),Difficulty,,Volume (lbs),Est 1RM
January 2025,,,3,,0,,,0,0
,January 2025,"Jan 1, 2025",1,8,0,4,,0,0
,January 2025,"Jan 2, 2025",2,8,0,6,,0,0
,January 2025,"Jan 3, 2025",3,8,0,6,,0,0
September 2025,,,6,,20,,,160,25
,September 2025,"Sep 24, 2025",1,8,10,9,,80,13
,September 2025,"Sep 24, 2025",2,8,10,9,,80,13
,September 2025,"Sep 24, 2025",3,8,10,9,,80,13
,September 2025,"Sep 30, 2025",1,8,10,6,,80,13
,September 2025,"Sep 30, 2025",2,8,20,8,,160,25
,September 2025,"Sep 30, 2025",3,8,20,9,,160,25
October 2025,,,6,,20,,,160,25
,October 2025,"Oct 24, 2025",1,8,20,6,,160,25
,October 2025,"Oct 24, 2025",2,8,20,7,,160,25
,October 2025,"Oct 24, 2025",3,8,20,9,,160,25
,October 2025,"Oct 30, 2025",1,8,20,4,,160,25
,October 2025,"Oct 30, 2025",2,8,20,5,,160,25
,October 2025,"Oct 30, 2025",3,8,20,8,,160,25
November 2025,,,6,,25,,,200,32
,November 2025,"Nov 8, 2025",1,8,20,3,,160,25
,November 2025,"Nov 8, 2025",2,8,25,7,,200,32
,November 2025,"Nov 8, 2025",3,8,25,7,,200,32
,November 2025,"Nov 22, 2025",1,8,25,4,,200,32
,November 2025,"Nov 22, 2025",2,8,25,6,,200,32
,November 2025,"Nov 22, 2025",3,8,25,8,,200,32
December 2025,,,3,,25,,,200,32
,December 2025,"Dec 11, 2025",1,8,25,6,,200,32
,December 2025,"Dec 11, 2025",2,8,25,7,,200,32
,December 2025,"Dec 11, 2025",3,8,25,8,,200,32
January 2026,,,12,,25,,,200,32
,January 2026,"Jan 3, 2026",1,8,25,7,,200,32
,January 2026,"Jan 3, 2026",2,8,25,8,,200,32
,January 2026,"Jan 3, 2026",3,8,25,8,,200,32
,January 2026,"Jan 11, 2026",1,8,25,6,,200,32
,January 2026,"Jan 11, 2026",2,8,25,7,,200,32
,January 2026,"Jan 11, 2026",3,8,25,7,,200,32
,January 2026,"Jan 23, 2026",1,8,25,5,,200,32
,January 2026,"Jan 23, 2026",2,8,25,8,,200,32
,January 2026,"Jan 23, 2026",3,8,25,8,,200,32
,January 2026,"Jan 28, 2026",1,8,25,5,,200,32
,January 2026,"Jan 28, 2026",2,8,25,6,,200,32
,January 2026,"Jan 28, 2026",3,8,25,8,,200,32
February 2026,,,9,,25,,,200,32
,February 2026,"Feb 5, 2026",1,8,25,4,,200,32
,February 2026,"Feb 5, 2026",2,8,25,7,,200,32
,February 2026,"Feb 5, 2026",3,8,25,7,,200,32
,February 2026,"Feb 14, 2026",1,8,25,6,,200,32
,February 2026,"Feb 14, 2026",2,8,25,7,,200,32
,February 2026,"Feb 14, 2026",3,8,25,7,,200,32
,February 2026,"Feb 22, 2026",1,8,25,7,,200,32
,February 2026,"Feb 22, 2026",2,8,25,7,,200,32
,February 2026,"Feb 22, 2026",3,8,25,7,,200,32
March 2026,,,3,,25,,,200,32
,March 2026,"Mar 25, 2026",1,8,25,3,,200,32
,March 2026,"Mar 25, 2026",2,8,25,5,,200,32
,March 2026,"Mar 25, 2026",3,8,25,7,,200,32
April 2026,,,9,,25,,,200,32
,April 2026,"Apr 4, 2026",1,8,25,4,,200,32
,April 2026,"Apr 4, 2026",2,8,25,4,,200,32
,April 2026,"Apr 4, 2026",3,8,25,6,,200,32
,April 2026,"Apr 16, 2026",1,8,25,6,,200,32
,April 2026,"Apr 16, 2026",2,8,25,7,,200,32
,April 2026,"Apr 16, 2026",3,8,25,7,,200,32
,April 2026,"Apr 25, 2026",1,8,25,6,,200,32
,April 2026,"Apr 25, 2026",2,8,25,7,,200,32
,April 2026,"Apr 25, 2026",3,8,25,7,,200,32
(error),,,0,,0,,,0,0
,,,,,,,,0,0

,,Date,Set,Reps,Weight (lbs),Difficulty,,Volume (lbs),Est 1RM
February 2025,,,4,,50,,,400,63
,February 2025,"Feb 5, 2025",1,10,40,3,,400,53
,February 2025,"Feb 5, 2025",2,8,50,7,,400,63
,February 2025,"Feb 5, 2025",3,8,50,8,,400,63
,February 2025,"Feb 5, 2025",4,8,50,9,,400,63
December 2025,,,12,,65,,,520,82
,December 2025,"Dec 6, 2025",1,8,50,5,,400,63
,December 2025,"Dec 6, 2025",2,8,55,7,,440,70
,December 2025,"Dec 6, 2025",3,8,55,7,,440,70
,December 2025,"Dec 6, 2025",4,8,60,7,,480,76
,December 2025,"Dec 11, 2025",1,8,55,4,,440,70
,December 2025,"Dec 11, 2025",2,8,65,7,,520,82
,December 2025,"Dec 11, 2025",3,8,65,8,,520,82
,December 2025,"Dec 11, 2025",4,8,65,8,,520,82
,December 2025,"Dec 30, 2025",1,8,55,7,,440,70
,December 2025,"Dec 30, 2025",2,8,60,7,,480,76
,December 2025,"Dec 30, 2025",3,8,65,8,,520,82
,December 2025,"Dec 30, 2025",4,8,65,9,,520,82
January 2026,,,20,,65,,,520,82
,January 2026,"Jan 3, 2026",1,8,55,6,,440,70
,January 2026,"Jan 3, 2026",2,8,60,7,,480,76
,January 2026,"Jan 3, 2026",3,8,65,8,,520,82
,January 2026,"Jan 3, 2026",4,8,65,8,,520,82
,January 2026,"Jan 17, 2026",1,8,60,7,,480,76
,January 2026,"Jan 17, 2026",2,8,60,7,,480,76
,January 2026,"Jan 17, 2026",3,8,60,8,,480,76
,January 2026,"Jan 17, 2026",4,8,60,8,,480,76
,January 2026,"Jan 23, 2026",1,8,60,6,,480,76
,January 2026,"Jan 23, 2026",2,8,65,7,,520,82
,January 2026,"Jan 23, 2026",3,8,65,8,,520,82
,January 2026,"Jan 23, 2026",4,8,65,8,,520,82
,January 2026,"Jan 26, 2026",1,8,60,6,,480,76
,January 2026,"Jan 26, 2026",2,8,65,7,,520,82
,January 2026,"Jan 26, 2026",3,8,65,7,,520,82
,January 2026,"Jan 26, 2026",4,8,65,8,,520,82
,January 2026,"Jan 28, 2026",1,8,60,6,,480,76
,January 2026,"Jan 28, 2026",2,8,65,7,,520,82
,January 2026,"Jan 28, 2026",3,8,65,7,,520,82
,January 2026,"Jan 28, 2026",4,8,65,8,,520,82
February 2026,,,20,,70,,,560,89
,February 2026,"Feb 1, 2026",1,8,60,7,,480,76
,February 2026,"Feb 1, 2026",2,8,65,7,,520,82
,February 2026,"Feb 1, 2026",3,8,65,7,,520,82
,February 2026,"Feb 1, 2026",4,8,70,8,,560,89
,February 2026,"Feb 5, 2026",1,8,60,5,,480,76
,February 2026,"Feb 5, 2026",2,8,65,8,,520,82
,February 2026,"Feb 5, 2026",3,8,65,8,,520,82
,February 2026,"Feb 5, 2026",4,8,70,9,,560,89
,February 2026,"Feb 8, 2026",1,8,65,7,,520,82
,February 2026,"Feb 8, 2026",2,8,70,7,,560,89
,February 2026,"Feb 8, 2026",3,8,70,8,,560,89
,February 2026,"Feb 8, 2026",4,8,70,9,,560,89
,February 2026,"Feb 14, 2026",1,8,65,8,,520,82
,February 2026,"Feb 14, 2026",2,8,65,7,,520,82
,February 2026,"Feb 14, 2026",3,8,70,8,,560,89
,February 2026,"Feb 14, 2026",4,8,70,8,,560,89
,February 2026,"Feb 22, 2026",1,8,65,6,,520,82
,February 2026,"Feb 22, 2026",2,8,70,7,,560,89
,February 2026,"Feb 22, 2026",3,8,70,8,,560,89
,February 2026,"Feb 22, 2026",4,8,70,8,,560,89
March 2026,,,11,,70,,,560,89
,March 2026,"Mar 6, 2026",1,8,65,7,,520,82
,March 2026,"Mar 6, 2026",2,8,70,7,,560,89
,March 2026,"Mar 6, 2026",3,8,70,7,,560,89
,March 2026,"Mar 6, 2026",4,8,70,8,,560,89
,March 2026,"Mar 21, 2026",1,8,65,6,,520,82
,March 2026,"Mar 21, 2026",2,8,70,7,,560,89
,March 2026,"Mar 21, 2026",3,8,70,9,,560,89
,March 2026,"Mar 21, 2026",4,8,70,9,,560,89
,March 2026,"Mar 25, 2026",1,8,65,4,,520,82
,March 2026,"Mar 25, 2026",2,8,70,7,,560,89
,March 2026,"Mar 25, 2026",3,8,70,8,,560,89
April 2026,,,20,,70,,,560,89
,April 2026,"Apr 4, 2026",1,8,65,4,,520,82
,April 2026,"Apr 4, 2026",2,8,70,6,,560,89
,April 2026,"Apr 4, 2026",3,8,70,7,,560,89
,April 2026,"Apr 4, 2026",4,8,70,8,,560,89
,April 2026,"Apr 11, 2026",1,8,65,5,,520,82
,April 2026,"Apr 11, 2026",2,8,70,6,,560,89
,April 2026,"Apr 11, 2026",3,8,70,8,,560,89
,April 2026,"Apr 11, 2026",4,8,70,9,,560,89
,April 2026,"Apr 19, 2026",1,8,65,4,,520,82
,April 2026,"Apr 19, 2026",2,8,70,6,,560,89
,April 2026,"Apr 19, 2026",3,8,70,7,,560,89
,April 2026,"Apr 19, 2026",4,8,70,7,,560,89
,April 2026,"Apr 25, 2026",1,8,65,5,,520,82
,April 2026,"Apr 25, 2026",2,8,65,5,,520,82
,April 2026,"Apr 25, 2026",3,8,70,6,,560,89
,April 2026,"Apr 25, 2026",4,8,70,7,,560,89
,April 2026,"Apr 29, 2026",1,8,65,6,,520,82
,April 2026,"Apr 29, 2026",2,8,70,7,,560,89
,April 2026,"Apr 29, 2026",3,8,70,8,,560,89
,April 2026,"Apr 29, 2026",4,8,70,8,,560,89
May 2026,,,8,,75,,,600,95
,May 2026,"May 5, 2026",1,8,65,5,,520,82
,May 2026,"May 5, 2026",2,8,70,6,,560,89
,May 2026,"May 5, 2026",3,8,75,8,,600,95
,May 2026,"May 5, 2026",4,8,75,8,,600,95
,May 2026,"May 12, 2026",1,8,65,5,,520,82
,May 2026,"May 12, 2026",2,8,70,6,,560,89
,May 2026,"May 12, 2026",3,8,70,7,,560,89
,May 2026,"May 12, 2026",4,8,70,7,,560,89

,,Date,Set,Reps,Weight (lbs),Difficulty,,Volume (lbs),Est 1RM
January 2025,,,4,,170,,,2040,238
,January 2025,"Jan 25, 2025",1,14,110,3,,1540,161
,January 2025,"Jan 25, 2025",2,12,130,3,,1560,182
,January 2025,"Jan 25, 2025",3,12,170,7,,2040,238
,January 2025,"Jan 25, 2025",4,12,170,8,,2040,238
February 2025,,,14,,200,,,2400,280
,February 2025,"Feb 2, 2025",1,12,170,5,,2040,238
,February 2025,"Feb 2, 2025",2,12,180,8,,2160,252
,February 2025,"Feb 2, 2025",3,12,180,8,,2160,252
,February 2025,"Feb 2, 2025",4,12,180,8,,2160,252
,February 2025,"Feb 9, 2025",1,12,180,6,,2160,252
,February 2025,"Feb 9, 2025",2,12,180,7,,2160,252
,February 2025,"Feb 9, 2025",3,12,180,8,,2160,252
,February 2025,"Feb 9, 2025",4,12,180,8,,2160,252
,February 2025,"Feb 19, 2025",1,12,180,6,,2160,252
,February 2025,"Feb 19, 2025",2,12,180,7,,2160,252
,February 2025,"Feb 19, 2025",3,12,190,8,,2280,266
,February 2025,"Feb 27, 2025",1,12,190,7,,2280,266
,February 2025,"Feb 27, 2025",2,12,200,8,,2400,280
,February 2025,"Feb 27, 2025",3,12,200,8,,2400,280
March 2025,,,3,,210,,,2520,294
,March 2025,"Mar 7, 2025",1,12,200,6,,2400,280
,March 2025,"Mar 7, 2025",2,12,200,7,,2400,280
,March 2025,"Mar 7, 2025",3,12,210,8,,2520,294
September 2025,,,8,,220,,,2640,308
,September 2025,"Sep 21, 2025",1,12,190,3,,2280,266
,September 2025,"Sep 21, 2025",2,12,210,6,,2520,294
,September 2025,"Sep 21, 2025",3,12,210,8,,2520,294
,September 2025,"Sep 21, 2025",4,12,210,8,,2520,294
,September 2025,"Sep 29, 2025",1,12,210,6,,2520,294
,September 2025,"Sep 29, 2025",2,12,210,6,,2520,294
,September 2025,"Sep 29, 2025",3,12,220,8,,2640,308
,September 2025,"Sep 29, 2025",4,12,220,9,,2640,308
October 2025,,,3,,220,,,2640,308
,October 2025,"Oct 29, 2025",1,12,220,6,,2640,308
,October 2025,"Oct 29, 2025",2,12,220,8,,2640,308
,October 2025,"Oct 29, 2025",3,12,220,9,,2640,308
December 2025,,,6,,220,,,2640,308
,December 2025,"Dec 4, 2025",1,12,220,7,,2640,308
,December 2025,"Dec 4, 2025",2,12,220,7,,2640,308
,December 2025,"Dec 4, 2025",3,12,220,7,,2640,308
,December 2025,"Dec 13, 2025",1,12,220,6,,2640,308
,December 2025,"Dec 13, 2025",2,12,220,7,,2640,308
,December 2025,"Dec 13, 2025",3,12,170,7,,2040,238
January 2026,,,13,,190,,,2400,266
,January 2026,"Jan 6, 2026",1,12,170,7,,2040,238
,January 2026,"Jan 6, 2026",2,12,170,7,,2040,238
,January 2026,"Jan 6, 2026",3,12,180,7,,2160,252
,January 2026,"Jan 13, 2026",1,12,180,6,,2160,252
,January 2026,"Jan 13, 2026",2,12,190,8,,2280,266
,January 2026,"Jan 13, 2026",3,12,190,9,,2280,266
,January 2026,"Jan 24, 2026",1,12,120,7,,1440,168
,January 2026,"Jan 24, 2026",2,12,120,6,,1440,168
,January 2026,"Jan 24, 2026",3,20,120,7,,2400,200
,January 2026,"Jan 30, 2026",1,12,120,4,,1440,168
,January 2026,"Jan 30, 2026",2,12,140,4,,1680,196
,January 2026,"Jan 30, 2026",3,12,180,6,,2160,252
,January 2026,"Jan 30, 2026",4,12,180,8,,2160,252
February 2026,,,8,,200,,,2400,280
,February 2026,"Feb 7, 2026",1,12,180,6,,2160,252
,February 2026,"Feb 7, 2026",2,12,180,8,,2160,252
,February 2026,"Feb 7, 2026",3,12,180,8,,2160,252
,February 2026,"Feb 7, 2026",4,12,180,8,,2160,252
,February 2026,"Feb 17, 2026",1,12,180,6,,2160,252
,February 2026,"Feb 17, 2026",2,12,180,7,,2160,252
,February 2026,"Feb 17, 2026",3,12,180,7,,2160,252
,February 2026,"Feb 17, 2026",4,12,200,8,,2400,280
March 2026,,,8,,220,,,2640,308
,March 2026,"Mar 10, 2026",1,12,180,7,,2160,252
,March 2026,"Mar 10, 2026",2,12,180,7,,2160,252
,March 2026,"Mar 10, 2026",3,12,200,7,,2400,280
,March 2026,"Mar 10, 2026",4,12,200,8,,2400,280
,March 2026,"Mar 29, 2026",1,12,200,6,,2400,280
,March 2026,"Mar 29, 2026",2,12,200,7,,2400,280
,March 2026,"Mar 29, 2026",3,12,200,6,,2400,280
,March 2026,"Mar 29, 2026",4,12,220,7,,2640,308
April 2026,,,9,,220,,,2640,308
,April 2026,"Apr 7, 2026",1,12,220,6,,2640,308
,April 2026,"Apr 7, 2026",2,12,220,7,,2640,308
,April 2026,"Apr 7, 2026",3,12,220,7,,2640,308
,April 2026,"Apr 14, 2026",1,12,220,4,,2640,308
,April 2026,"Apr 14, 2026",2,12,220,5,,2640,308
,April 2026,"Apr 16, 2026",3,12,220,6,,2640,308
,April 2026,"Apr 28, 2026",1,12,220,3,,2640,308
,April 2026,"Apr 28, 2026",2,12,220,5,,2640,308
,April 2026,"Apr 29, 2026",3,12,220,5,,2640,308
May 2026,,,3,,230,,,2760,322
,May 2026,"May 10, 2026",1,12,220,3,,2640,308
,May 2026,"May 10, 2026",2,12,230,6,,2760,322
,May 2026,"May 10, 2026",3,12,230,8,,2760,322

,,Date,Set,Reps,Weight (lbs),Difficulty,,Volume (lbs),Est 1RM
January 2025,,,3,,35,,,420,49
,January 2025,"Jan 25, 2025",1,12,35,7,,420,49
,January 2025,"Jan 25, 2025",2,12,35,8,,420,49
,January 2025,"Jan 25, 2025",3,12,35,8,,420,49
February 2025,,,12,,50,,,600,70
,February 2025,"Feb 2, 2025",1,12,35,5,,420,49
,February 2025,"Feb 2, 2025",2,12,35,5,,420,49
,February 2025,"Feb 2, 2025",3,12,40,6,,480,56
,February 2025,"Feb 9, 2025",1,12,40,6,,480,56
,February 2025,"Feb 9, 2025",2,12,45,7,,540,63
,February 2025,"Feb 9, 2025",3,12,45,7,,540,63
,February 2025,"Feb 19, 2025",1,12,45,7,,540,63
,February 2025,"Feb 19, 2025",2,12,45,7,,540,63
,February 2025,"Feb 19, 2025",3,12,45,8,,540,63
,February 2025,"Feb 27, 2025",1,12,45,6,,540,63
,February 2025,"Feb 27, 2025",2,12,45,7,,540,63
,February 2025,"Feb 27, 2025",3,12,50,7,,600,70
March 2025,,,3,,50,,,600,70
,March 2025,"Mar 7, 2025",1,12,50,8,,600,70
,March 2025,"Mar 7, 2025",2,12,50,7,,600,70
,March 2025,"Mar 7, 2025",3,12,50,7,,600,70

,,Date,Set,Reps,Weight (lbs),Difficulty,,Volume (lbs),Est 1RM
January 2025,,,4,,155,,,1240,196
,January 2025,"Jan 25, 2025",1,8,135,8,,1080,171
,January 2025,"Jan 25, 2025",2,8,135,8,,1080,171
,January 2025,"Jan 25, 2025",3,8,135,7,,1080,171
,January 2025,"Jan 25, 2025",4,8,155,7,,1240,196
February 2025,,,16,,185,,,1480,234
,February 2025,"Feb 2, 2025",1,8,135,6,,1080,171
,February 2025,"Feb 2, 2025",2,8,155,8,,1240,196
,February 2025,"Feb 2, 2025",3,8,175,9,,1400,222
,February 2025,"Feb 2, 2025",4,8,175,9,,1400,222
,February 2025,"Feb 9, 2025",1,8,155,6,,1240,196
,February 2025,"Feb 9, 2025",2,8,175,7,,1400,222
,February 2025,"Feb 9, 2025",3,8,185,8,,1480,234
,February 2025,"Feb 9, 2025",4,8,185,9,,1480,234
,February 2025,"Feb 19, 2025",1,8,185,8,,1480,234
,February 2025,"Feb 19, 2025",2,8,185,8,,1480,234
,February 2025,"Feb 19, 2025",3,8,185,9,,1480,234
,February 2025,"Feb 19, 2025",4,8,185,9,,1480,234
,February 2025,"Feb 27, 2025",1,8,185,8,,1480,234
,February 2025,"Feb 27, 2025",2,8,185,8,,1480,234
,February 2025,"Feb 27, 2025",3,8,185,8,,1480,234
,February 2025,"Feb 27, 2025",4,8,185,8,,1480,234
March 2025,,,3,,185,,,1480,234
,March 2025,"Mar 7, 2025",1,8,185,7,,1480,234
,March 2025,"Mar 7, 2025",2,8,185,8,,1480,234
,March 2025,"Mar 7, 2025",3,8,185,8,,1480,234

,,Date,Set,Reps,Weight (lbs),Difficulty,,Volume (lbs),Est 1RM
January 2025,,,3,,15,,,225,23
,January 2025,"Jan 24, 2025",1,15,15,10,,225,23
,January 2025,"Jan 24, 2025",2,15,15,10,,225,23
,January 2025,"Jan 24, 2025",3,15,12.5,10,,187.5,19
February 2025,,,12,,17.5,,,262.5,26
,February 2025,"Feb 1, 2025",1,15,15,8,,225,23
,February 2025,"Feb 1, 2025",2,15,15,9,,225,23
,February 2025,"Feb 1, 2025",3,15,15,10,,225,23
,February 2025,"Feb 8, 2025",1,15,15,8,,225,23
,February 2025,"Feb 8, 2025",2,15,15,9,,225,23
,February 2025,"Feb 8, 2025",3,15,15,9,,225,23
,February 2025,"Feb 13, 2025",1,15,15,8,,225,23
,February 2025,"Feb 13, 2025",2,15,15,9,,225,23
,February 2025,"Feb 13, 2025",3,15,15,9,,225,23
,February 2025,"Feb 23, 2025",1,15,15,7,,225,23
,February 2025,"Feb 23, 2025",2,15,17.5,9,,262.5,26
,February 2025,"Feb 23, 2025",3,15,17.5,10,,262.5,26
March 2025,,,3,,17.5,,,262.5,26
,March 2025,"Mar 5, 2025",1,15,15,7,,225,23
,March 2025,"Mar 5, 2025",2,15,17.5,9,,262.5,26
,March 2025,"Mar 7, 2025",3,15,17.5,10,,262.5,26
November 2025,,,3,,15,,,225,23
,November 2025,"Nov 5, 2025",1,15,15,9,,225,23
,November 2025,"Nov 5, 2025",2,15,15,9,,225,23
,November 2025,"Nov 5, 2025",3,15,15,9,,225,23

,,Date,Set,Reps,Weight (lbs),Difficulty,,Volume (lbs),Est 1RM
January 2025,,,3,,70,,,840,98
,January 2025,"Jan 24, 2025",1,12,70,6,,840,98
,January 2025,"Jan 24, 2025",2,12,70,8,,840,98
,January 2025,"Jan 24, 2025",3,12,70,9,,840,98
February 2025,,,12,,75,,,1200,105
,February 2025,"Feb 1, 2025",1,12,70,6,,840,98
,February 2025,"Feb 1, 2025",2,12,70,7,,840,98
,February 2025,"Feb 1, 2025",3,12,70,8,,840,98
,February 2025,"Feb 8, 2025",1,12,70,7,,840,98
,February 2025,"Feb 8, 2025",2,12,75,8,,900,105
,February 2025,"Feb 8, 2025",3,12,75,10,,900,105
,February 2025,"Feb 13, 2025",1,12,50,2,,600,70
,February 2025,"Feb 13, 2025",2,12,50,2,,600,70
,February 2025,"Feb 13, 2025",3,24,50,6,,1200,90
,February 2025,"Feb 23, 2025",1,12,75,7,,900,105
,February 2025,"Feb 23, 2025",2,12,75,7,,900,105
,February 2025,"Feb 23, 2025",3,12,75,8,,900,105
March 2025,,,3,,75,,,900,105
,March 2025,"Mar 5, 2025",1,12,75,6,,900,105
,March 2025,"Mar 5, 2025",2,12,75,7,,900,105
,March 2025,"Mar 5, 2025",3,12,75,7,,900,105
September 2025,,,5,,75,,,600,95
,September 2025,"Sep 18, 2025",1,8,75,5,,600,95
,September 2025,"Sep 18, 2025",2,8,75,6,,600,95
,September 2025,"Sep 27, 2025",1,8,70,2,,560,89
,September 2025,"Sep 27, 2025",2,8,75,7,,600,95
,September 2025,"Sep 27, 2025",3,8,75,8,,600,95
October 2025,,,3,,75,,,600,95
,October 2025,"Oct 26, 2025",1,8,70,5,,560,89
,October 2025,"Oct 26, 2025",2,8,75,7,,600,95
,October 2025,"Oct 26, 2025",3,8,75,7,,600,95
November 2025,,,3,,80,,,640,101
,November 2025,"Nov 1, 2025",1,8,75,6,,600,95
,November 2025,"Nov 1, 2025",2,8,75,7,,600,95
,November 2025,"Nov 1, 2025",3,8,80,8,,640,101

,,Date,Set,Reps,Weight (lbs),Difficulty,,Volume (lbs),Est 1RM
January 2025,,,4,,20,,,240,28
,January 2025,"Jan 24, 2025",1,10,15,4,,150,20
,January 2025,"Jan 24, 2025",2,12,17.5,8,,210,25
,January 2025,"Jan 24, 2025",3,10,17.5,7,,175,23
,January 2025,"Jan 24, 2025",4,12,20,9,,240,28
February 2025,,,16,,30,,,300,40
,February 2025,"Feb 1, 2025",1,10,20,7,,200,27
,February 2025,"Feb 1, 2025",2,10,20,8,,200,27
,February 2025,"Feb 1, 2025",3,10,20,8,,200,27
,February 2025,"Feb 1, 2025",4,10,20,8,,200,27
,February 2025,"Feb 8, 2025",1,10,20,6,,200,27
,February 2025,"Feb 8, 2025",2,10,22.5,7,,225,30
,February 2025,"Feb 8, 2025",3,10,25,8,,250,33
,February 2025,"Feb 8, 2025",4,10,25,10,,250,33
,February 2025,"Feb 13, 2025",1,10,25,6,,250,33
,February 2025,"Feb 13, 2025",2,10,25,7,,250,33
,February 2025,"Feb 13, 2025",3,10,30,9,,300,40
,February 2025,"Feb 13, 2025",4,10,25,8,,250,33
,February 2025,"Feb 23, 2025",1,10,25,5,,250,33
,February 2025,"Feb 23, 2025",2,10,30,8,,300,40
,February 2025,"Feb 23, 2025",3,10,30,9,,300,40
,February 2025,"Feb 23, 2025",4,10,27.5,9,,275,37
March 2025,,,4,,30,,,300,40
,March 2025,"Mar 5, 2025",1,10,27.5,6,,275,37
,March 2025,"Mar 5, 2025",2,10,30,8,,300,40
,March 2025,"Mar 5, 2025",3,10,30,8,,300,40
,March 2025,"Mar 5, 2025",4,10,30,9,,300,40
January 2026,,,3,,25,,,250,33
,January 2026,"Jan 8, 2026",1,10,25,8,,250,33
,January 2026,"Jan 8, 2026",2,10,25,8,,250,33
,January 2026,"Jan 8, 2026",3,10,25,9,,250,33

,,Date,Set,Reps,Weight (lbs),Difficulty,,Volume (lbs),Est 1RM
January 2025,,,4,,35,,,350,47
,January 2025,"Jan 24, 2025",1,12,25,4,,300,35
,January 2025,"Jan 24, 2025",2,10,30,5,,300,40
,January 2025,"Jan 24, 2025",3,10,35,7,,350,47
,January 2025,"Jan 24, 2025",4,10,35,8,,350,47
February 2025,,,16,,50,,,500,67
,February 2025,"Feb 1, 2025",1,10,35,5,,350,47
,February 2025,"Feb 1, 2025",2,10,40,7,,400,53
,February 2025,"Feb 1, 2025",3,10,40,8,,400,53
,February 2025,"Feb 1, 2025",4,10,40,10,,400,53
,February 2025,"Feb 8, 2025",1,10,40,7,,400,53
,February 2025,"Feb 8, 2025",2,10,40,8,,400,53
,February 2025,"Feb 8, 2025",3,10,40,9,,400,53
,February 2025,"Feb 8, 2025",4,10,40,10,,400,53
,February 2025,"Feb 13, 2025",1,10,40,4,,400,53
,February 2025,"Feb 13, 2025",2,10,45,7,,450,60
,February 2025,"Feb 13, 2025",3,10,45,8,,450,60
,February 2025,"Feb 13, 2025",4,10,45,9,,450,60
,February 2025,"Feb 23, 2025",1,11,45,5,,495,62
,February 2025,"Feb 23, 2025",2,10,45,7,,450,60
,February 2025,"Feb 23, 2025",3,10,50,10,,500,67
,February 2025,"Feb 23, 2025",4,10,45,10,,450,60
March 2025,,,4,,50,,,500,67
,March 2025,"Mar 5, 2025",1,10,45,7,,450,60
,March 2025,"Mar 5, 2025",2,10,50,9,,500,67
,March 2025,"Mar 5, 2025",3,10,45,8,,450,60
,March 2025,"Mar 5, 2025",4,10,45,9,,450,60

,,Date,Set,Reps,Weight (lbs),Difficulty,,Volume (lbs),Est 1RM
January 2025,,,4,,15,,,180,21
,January 2025,"Jan 22, 2025",1,12,15,9,,180,21
,January 2025,"Jan 22, 2025",2,12,12.5,7,,150,18
,January 2025,"Jan 22, 2025",3,12,12.5,8,,150,18
,January 2025,"Jan 22, 2025",4,12,12.5,10,,150,18
February 2025,,,16,,20,,,240,28
,February 2025,"Feb 1, 2025",1,12,15,8,,180,21
,February 2025,"Feb 1, 2025",2,12,15,9,,180,21
,February 2025,"Feb 1, 2025",3,15,12.5,9,,187.5,19
,February 2025,"Feb 1, 2025",4,12,12.5,7,,150,18
,February 2025,"Feb 6, 2025",1,12,15,8,,180,21
,February 2025,"Feb 6, 2025",2,12,15,9,,180,21
,February 2025,"Feb 6, 2025",3,12,15,10,,180,21
,February 2025,"Feb 6, 2025",4,12,12.5,9,,150,18
,February 2025,"Feb 16, 2025",1,12,17.5,10,,210,25
,February 2025,"Feb 16, 2025",2,12,15,8,,180,21
,February 2025,"Feb 16, 2025",3,12,15,9,,180,21
,February 2025,"Feb 16, 2025",4,12,15,9,,180,21
,February 2025,"Feb 22, 2025",1,12,20,10,,240,28
,February 2025,"Feb 22, 2025",2,12,17.5,9,,210,25
,February 2025,"Feb 22, 2025",3,12,17.5,10,,210,25
,February 2025,"Feb 22, 2025",4,12,15,7,,180,21
March 2025,,,4,,17.5,,,210,25
,March 2025,"Mar 2, 2025",1,12,17.5,8,,210,25
,March 2025,"Mar 2, 2025",2,12,17.5,9,,210,25
,March 2025,"Mar 2, 2025",3,12,15,8,,180,21
,March 2025,"Mar 2, 2025",4,12,15,8,,180,21
September 2025,,,8,,35,,,210,42
,September 2025,"Sep 18, 2025",1,6,35,6,,210,42
,September 2025,"Sep 18, 2025",2,6,35,7,,210,42
,September 2025,"Sep 18, 2025",3,6,35,7,,210,42
,September 2025,"Sep 18, 2025",4,6,25,4,,150,30
,September 2025,"Sep 27, 2025",1,6,30,5,,180,36
,September 2025,"Sep 27, 2025",2,6,35,7,,210,42
,September 2025,"Sep 27, 2025",3,6,35,8,,210,42
,September 2025,"Sep 27, 2025",4,6,35,7,,210,42
October 2025,,,4,,35,,,210,42
,October 2025,"Oct 26, 2025",1,6,30,5,,180,36
,October 2025,"Oct 26, 2025",2,6,35,7,,210,42
,October 2025,"Oct 26, 2025",3,6,35,8,,210,42
,October 2025,"Oct 26, 2025",4,6,35,8,,210,42
November 2025,,,15,,40,,,280,48
,November 2025,"Nov 1, 2025",1,6,35,6,,210,42
,November 2025,"Nov 1, 2025",2,6,35,7,,210,42
,November 2025,"Nov 1, 2025",3,6,35,7,,210,42
,November 2025,"Nov 1, 2025",4,6,35,7,,210,42
,November 2025,"Nov 4, 2025",1,8,35,7,,280,44
,November 2025,"Nov 4, 2025",2,6,40,8,,240,48
,November 2025,"Nov 4, 2025",3,6,40,9,,240,48
,November 2025,"Nov 4, 2025",4,6,40,9,,240,48
,November 2025,"Nov 4, 2025",5,12,15,10,,180,21
,November 2025,"Nov 4, 2025",6,12,15,9,,180,21
,November 2025,"Nov 4, 2025",7,12,15,10,,180,21
,November 2025,"Nov 25, 2025",1,7,30,8,,210,37
,November 2025,"Nov 25, 2025",2,6,30,5,,180,36
,November 2025,"Nov 25, 2025",3,6,35,8,,210,42
,November 2025,"Nov 25, 2025",4,6,35,7,,210,42
December 2025,,,8,,40,,,240,48
,December 2025,"Dec 3, 2025",1,6,35,6,,210,42
,December 2025,"Dec 3, 2025",2,6,35,6,,210,42
,December 2025,"Dec 3, 2025",3,6,40,8,,240,48
,December 2025,"Dec 3, 2025",4,6,40,9,,240,48
,December 2025,"Dec 16, 2025",1,6,35,7,,210,42
,December 2025,"Dec 16, 2025",2,6,40,9,,240,48
,December 2025,"Dec 16, 2025",3,6,35,8,,210,42
,December 2025,"Dec 16, 2025",4,6,35,8,,210,42
January 2026,,,16,,37.5,,,300,45
,January 2026,"Jan 4, 2026",1,6,35,7,,210,42
,January 2026,"Jan 4, 2026",2,6,35,7,,210,42
,January 2026,"Jan 4, 2026",3,6,35,7,,210,42
,January 2026,"Jan 4, 2026",4,6,37.5,9,,225,45
,January 2026,"Jan 12, 2026",1,6,35,7,,210,42
,January 2026,"Jan 12, 2026",2,6,35,7,,210,42
,January 2026,"Jan 12, 2026",3,6,35,7,,210,42
,January 2026,"Jan 12, 2026",4,6,35,7,,210,42
,January 2026,"Jan 25, 2026",1,6,35,6,,210,42
,January 2026,"Jan 25, 2026",2,6,37.5,8,,225,45
,January 2026,"Jan 25, 2026",3,6,37.5,9,,225,45
,January 2026,"Jan 25, 2026",4,6,35,8,,210,42
,January 2026,"Jan 29, 2026",1,12,25,7,,300,35
,January 2026,"Jan 29, 2026",2,12,22.5,8,,270,32
,January 2026,"Jan 29, 2026",3,12,22.5,8,,270,32
,January 2026,"Jan 29, 2026",4,12,20,7,,240,28
February 2026,,,12,,25,,,300,35
,February 2026,"Feb 6, 2026",1,12,20,6,,240,28
,February 2026,"Feb 6, 2026",2,12,25,7,,300,35
,February 2026,"Feb 6, 2026",3,12,25,8,,300,35
,February 2026,"Feb 6, 2026",4,12,25,8,,300,35
,February 2026,"Feb 15, 2026",1,12,25,6,,300,35
,February 2026,"Feb 15, 2026",2,12,25,8,,300,35
,February 2026,"Feb 15, 2026",3,12,25,9,,300,35
,February 2026,"Feb 15, 2026",4,12,15,8,,180,21
,February 2026,"Feb 24, 2026",1,12,25,7,,300,35
,February 2026,"Feb 24, 2026",2,12,25,8,,300,35
,February 2026,"Feb 24, 2026",3,12,25,9,,300,35
,February 2026,"Feb 24, 2026",4,12,15,7,,180,21
March 2026,,,4,,27.5,,,330,39
,March 2026,"Mar 27, 2026",1,12,25,6,,300,35
,March 2026,"Mar 27, 2026",2,12,25,6,,300,35
,March 2026,"Mar 27, 2026",3,12,27.5,8,,330,39
,March 2026,"Mar 27, 2026",4,12,15,7,,180,21
April 2026,,,12,,25,,,300,35
,April 2026,"Apr 3, 2026",1,12,25,6,,300,35
,April 2026,"Apr 3, 2026",2,12,25,7,,300,35
,April 2026,"Apr 3, 2026",3,12,25,7,,300,35
,April 2026,"Apr 3, 2026",4,12,17.5,6,,210,25
,April 2026,"Apr 18, 2026",1,12,25,6,,300,35
,April 2026,"Apr 18, 2026",2,12,25,8,,300,35
,April 2026,"Apr 18, 2026",3,12,25,8,,300,35
,April 2026,"Apr 18, 2026",4,12,25,8,,300,35
,April 2026,"Apr 27, 2026",1,12,25,5,,300,35
,April 2026,"Apr 27, 2026",2,12,25,7,,300,35
,April 2026,"Apr 27, 2026",3,12,25,7,,300,35
,April 2026,"Apr 27, 2026",4,12,25,10,,300,35
May 2026,,,4,,27.5,,,330,39
,May 2026,"May 7, 2026",1,12,25,4,,300,35
,May 2026,"May 7, 2026",2,12,27.5,7,,330,39
,May 2026,"May 7, 2026",3,12,27.5,8,,330,39
,May 2026,"May 7, 2026",4,12,27.5,10,,330,39

,,Date,Set,Reps,Weight (lbs),Difficulty,,Volume (lbs),Est 1RM
January 2025,,,4,,15,,,180,21
,January 2025,"Jan 22, 2025",1,12,10,2,,120,14
,January 2025,"Jan 22, 2025",2,12,15,6,,180,21
,January 2025,"Jan 22, 2025",3,12,15,7,,180,21
,January 2025,"Jan 22, 2025",4,12,15,9,,180,21
February 2025,,,16,,20,,,240,28
,February 2025,"Feb 1, 2025",1,12,15,5,,180,21
,February 2025,"Feb 1, 2025",2,12,15,7,,180,21
,February 2025,"Feb 1, 2025",3,12,15,9,,180,21
,February 2025,"Feb 1, 2025",4,12,15,10,,180,21
,February 2025,"Feb 6, 2025",1,12,15,6,,180,21
,February 2025,"Feb 6, 2025",2,12,15,8,,180,21
,February 2025,"Feb 6, 2025",3,12,15,9,,180,21
,February 2025,"Feb 6, 2025",4,12,15,10,,180,21
,February 2025,"Feb 16, 2025",1,12,15,4,,180,21
,February 2025,"Feb 16, 2025",2,12,17.5,8,,210,25
,February 2025,"Feb 16, 2025",3,12,17.5,9,,210,25
,February 2025,"Feb 16, 2025",4,12,17.5,10,,210,25
,February 2025,"Feb 22, 2025",1,12,17.5,5,,210,25
,February 2025,"Feb 22, 2025",2,12,17.5,6,,210,25
,February 2025,"Feb 22, 2025",3,12,20,10,,240,28
,February 2025,"Feb 22, 2025",4,12,20,10,,240,28
March 2025,,,4,,20,,,240,28
,March 2025,"Mar 2, 2025",1,12,20,8,,240,28
,March 2025,"Mar 2, 2025",2,12,20,10,,240,28
,March 2025,"Mar 2, 2025",3,12,17.5,9,,210,25
,March 2025,"Mar 2, 2025",4,12,17.5,9,,210,25
September 2025,,,8,,35,,,210,42
,September 2025,"Sep 18, 2025",1,6,35,5,,210,42
,September 2025,"Sep 18, 2025",2,6,35,5,,210,42
,September 2025,"Sep 18, 2025",3,6,35,9,,210,42
,September 2025,"Sep 18, 2025",4,6,25,8,,150,30
,September 2025,"Sep 27, 2025",1,6,25,4,,150,30
,September 2025,"Sep 27, 2025",2,6,27.5,5,,165,33
,September 2025,"Sep 27, 2025",3,6,30,8,,180,36
,September 2025,"Sep 27, 2025",4,6,30,8,,180,36
October 2025,,,4,,30,,,180,36
,October 2025,"Oct 26, 2025",1,6,27.5,7,,165,33
,October 2025,"Oct 26, 2025",2,6,27.5,7,,165,33
,October 2025,"Oct 26, 2025",3,6,30,7,,180,36
,October 2025,"Oct 26, 2025",4,6,30,8,,180,36
November 2025,,,19,,35,,,210,42
,November 2025,"Nov 1, 2025",1,6,30,7,,180,36
,November 2025,"Nov 1, 2025",2,6,30,7,,180,36
,November 2025,"Nov 1, 2025",3,6,30,8,,180,36
,November 2025,"Nov 1, 2025",4,6,30,8,,180,36
,November 2025,"Nov 4, 2025",1,6,30,7,,180,36
,November 2025,"Nov 4, 2025",2,6,30,8,,180,36
,November 2025,"Nov 4, 2025",3,6,30,8,,180,36
,November 2025,"Nov 4, 2025",4,6,35,9,,210,42
,November 2025,"Nov 4, 2025",5,12,15,10,,180,21
,November 2025,"Nov 4, 2025",6,12,15,9,,180,21
,November 2025,"Nov 4, 2025",6,12,15,10,,180,21
,November 2025,"Nov 25, 2025",1,6,30,9,,180,36
,November 2025,"Nov 25, 2025",2,6,27.5,8,,165,33
,November 2025,"Nov 25, 2025",3,6,27.5,8,,165,33
,November 2025,"Nov 25, 2025",4,6,27.5,9,,165,33
,November 2025,"Nov 29, 2025",1,6,30,6,,180,36
,November 2025,"Nov 29, 2025",2,6,30,7,,180,36
,November 2025,"Nov 29, 2025",3,6,30,8,,180,36
,November 2025,"Nov 29, 2025",4,6,30,8,,180,36
December 2025,,,12,,35,,,210,42
,December 2025,"Dec 7, 2025",1,6,30,6,,180,36
,December 2025,"Dec 7, 2025",2,6,30,7,,180,36
,December 2025,"Dec 7, 2025",3,6,32.5,7,,195,39
,December 2025,"Dec 7, 2025",4,6,35,9,,210,42
,December 2025,"Dec 13, 2025",1,6,32.5,5,,195,39
,December 2025,"Dec 13, 2025",2,6,35,8,,210,42
,December 2025,"Dec 13, 2025",3,6,35,8,,210,42
,December 2025,"Dec 13, 2025",4,6,35,8,,210,42
,December 2025,"Dec 16, 2025",1,6,30,4,,180,36
,December 2025,"Dec 16, 2025",2,6,35,7,,210,42
,December 2025,"Dec 16, 2025",3,6,35,8,,210,42
,December 2025,"Dec 16, 2025",4,6,35,9,,210,42
January 2026,,,15,,35,,,210,42
,January 2026,"Jan 2, 2026",1,6,30,3,,180,36
,January 2026,"Jan 2, 2026",2,6,35,8,,210,42
,January 2026,"Jan 2, 2026",3,6,35,9,,210,42
,January 2026,"Jan 2, 2026",4,6,32.5,8,,195,39
,January 2026,"Jan 9, 2026",1,6,32.5,5,,195,39
,January 2026,"Jan 9, 2026",2,6,35,8,,210,42
,January 2026,"Jan 9, 2026",3,6,35,9,,210,42
,January 2026,"Jan 9, 2026",4,6,32.5,8,,195,39
,January 2026,"Jan 22, 2026",1,6,30,7,,180,36
,January 2026,"Jan 22, 2026",2,6,30,7,,180,36
,January 2026,"Jan 22, 2026",3,6,32.5,8,,195,39
,January 2026,"Jan 22, 2026",4,6,32.5,8,,195,39
,January 2026,"Jan 27, 2026",1,12,17.5,7,,210,25
,January 2026,"Jan 27, 2026",2,12,17.5,8,,210,25
,January 2026,"Jan 27, 2026",3,12,17.5,8,,210,25
February 2026,,,12,,20,,,240,28
,February 2026,"Feb 4, 2026",1,12,15,4,,180,21
,February 2026,"Feb 4, 2026",2,12,20,8,,240,28
,February 2026,"Feb 4, 2026",3,12,20,8,,240,28
,February 2026,"Feb 4, 2026",4,12,15,8,,180,21
,February 2026,"Feb 9, 2026",1,12,20,8,,240,28
,February 2026,"Feb 9, 2026",2,12,20,8,,240,28
,February 2026,"Feb 9, 2026",3,12,15,6,,180,21
,February 2026,"Feb 9, 2026",4,12,15,8,,180,21
,February 2026,"Feb 21, 2026",1,12,20,9,,240,28
,February 2026,"Feb 21, 2026",2,12,17.5,8,,210,25
,February 2026,"Feb 21, 2026",3,12,15,6,,180,21
,February 2026,"Feb 21, 2026",4,12,15,8,,180,21
March 2026,,,12,,25,,,300,35
,March 2026,"Mar 1, 2026",1,12,20,7,,240,28
,March 2026,"Mar 1, 2026",2,12,20,7,,240,28
,March 2026,"Mar 1, 2026",3,12,20,8,,240,28
,March 2026,"Mar 1, 2026",4,12,15,9,,180,21
,March 2026,"Mar 8, 2026",1,12,20,8,,240,28
,March 2026,"Mar 8, 2026",2,12,20,8,,240,28
,March 2026,"Mar 8, 2026",3,12,20,8,,240,28
,March 2026,"Mar 8, 2026",4,12,15,8,,180,21
,March 2026,"Mar 22, 2026",1,12,25,9,,300,35
,March 2026,"Mar 22, 2026",2,12,20,7,,240,28
,March 2026,"Mar 22, 2026",3,12,20,8,,240,28
,March 2026,"Mar 22, 2026",4,12,15,7,,180,21
April 2026,,,12,,25,,,300,35
,April 2026,"Apr 5, 2026",1,12,25,8,,300,35
,April 2026,"Apr 5, 2026",2,12,20,7,,240,28
,April 2026,"Apr 5, 2026",3,12,20,7,,240,28
,April 2026,"Apr 5, 2026",4,12,15,8,,180,21
,April 2026,"Apr 12, 2026",1,12,25,8,,300,35
,April 2026,"Apr 12, 2026",2,12,20,6,,240,28
,April 2026,"Apr 12, 2026",3,12,20,7,,240,28
,April 2026,"Apr 12, 2026",4,12,15,8,,180,21
,April 2026,"Apr 23, 2026",1,12,25,9,,300,35
,April 2026,"Apr 23, 2026",2,12,20,8,,240,28
,April 2026,"Apr 23, 2026",3,12,17.5,8,,210,25
,April 2026,"Apr 23, 2026",4,12,15,7,,180,21
May 2026,,,8,,25,,,300,35
,May 2026,"May 3, 2026",1,12,25,9,,300,35
,May 2026,"May 3, 2026",2,12,20,8,,240,28
,May 2026,"May 3, 2026",3,12,20,8,,240,28
,May 2026,"May 3, 2026",4,12,20,10,,240,28
,May 2026,"May 15, 2026",1,12,25,8,,300,35
,May 2026,"May 15, 2026",2,12,25,9,,300,35
,May 2026,"May 15, 2026",3,12,22.5,8,,270,32
,May 2026,"May 15, 2026",4,12,22.5,,,270,32

,,Date,Set,Reps,Weight (lbs),Difficulty,,Volume (lbs),Est 1RM
January 2025,,,4,,75,,,600,95
,January 2025,"Jan 22, 2025",1,8,70,7,,560,89
,January 2025,"Jan 22, 2025",2,8,70,7,,560,89
,January 2025,"Jan 22, 2025",3,8,75,8,,600,95
,January 2025,"Jan 22, 2025",4,8,75,8,,600,95
February 2025,,,16,,110,,,1000,139
,February 2025,"Feb 1, 2025",1,9,75,4,,675,98
,February 2025,"Feb 1, 2025",2,8,85,6,,680,108
,February 2025,"Feb 1, 2025",3,8,95,7,,760,120
,February 2025,"Feb 1, 2025",4,8,100,8,,800,127
,February 2025,"Feb 6, 2025",1,8,100,7,,800,127
,February 2025,"Feb 6, 2025",2,8,100,8,,800,127
,February 2025,"Feb 6, 2025",3,8,100,8,,800,127
,February 2025,"Feb 6, 2025",4,8,100,9,,800,127
,February 2025,"Feb 16, 2025",1,8,100,7,,800,127
,February 2025,"Feb 16, 2025",2,8,100,8,,800,127
,February 2025,"Feb 16, 2025",3,8,100,9,,800,127
,February 2025,"Feb 16, 2025",4,8,100,10,,800,127
,February 2025,"Feb 22, 2025",1,10,100,7,,1000,133
,February 2025,"Feb 22, 2025",2,8,105,7,,840,133
,February 2025,"Feb 22, 2025",3,8,110,8,,880,139
,February 2025,"Feb 22, 2025",4,8,110,9,,880,139
March 2025,,,4,,90,,,720,114
,March 2025,"Mar 2, 2025",1,8,90,8,,720,114
,March 2025,"Mar 2, 2025",2,8,90,8,,720,114
,March 2025,"Mar 2, 2025",3,8,90,8,,720,114
,March 2025,"Mar 2, 2025",4,8,90,8,,720,114
September 2025,,,6,,90,,,720,114
,September 2025,"Sep 16, 2025",1,8,90,8,,720,114
,September 2025,"Sep 16, 2025",2,8,80,7,,640,101
,September 2025,"Sep 16, 2025",3,8,70,7,,560,89
,September 2025,"Sep 25, 2025",1,8,70,3,,560,89
,September 2025,"Sep 25, 2025",2,9,80,7,,720,104
,September 2025,"Sep 25, 2025",3,8,80,6,,640,101
October 2025,,,3,,100,,,800,127
,October 2025,"Oct 25, 2025",1,8,80,6,,640,101
,October 2025,"Oct 25, 2025",2,8,90,7,,720,114
,October 2025,"Oct 25, 2025",3,8,100,8,,800,127
November 2025,,,12,,110,,,880,139
,November 2025,"Nov 2, 2025",1,8,100,8,,800,127
,November 2025,"Nov 2, 2025",2,8,100,8,,800,127
,November 2025,"Nov 2, 2025",3,8,100,8,,800,127
,November 2025,"Nov 9, 2025",1,8,100,8,,800,127
,November 2025,"Nov 9, 2025",2,8,100,8,,800,127
,November 2025,"Nov 9, 2025",3,8,100,8,,800,127
,November 2025,"Nov 23, 2025",1,8,100,6,,800,127
,November 2025,"Nov 23, 2025",2,8,100,8,,800,127
,November 2025,"Nov 23, 2025",3,8,100,9,,800,127
,November 2025,"Nov 29, 2025",1,8,100,4,,800,127
,November 2025,"Nov 29, 2025",2,8,110,7,,880,139
,November 2025,"Nov 29, 2025",3,8,110,7,,880,139
December 2025,,,3,,110,,,880,139
,December 2025,"Dec 7, 2025",1,8,110,10,,880,139
,December 2025,"Dec 7, 2025",2,8,100,9,,800,127
,December 2025,"Dec 7, 2025",3,8,90,9,,720,114
January 2026,,,15,,110,,,1050,139
,January 2026,"Jan 2, 2026",1,8,90,6,,720,114
,January 2026,"Jan 2, 2026",2,8,100,7,,800,127
,January 2026,"Jan 2, 2026",3,8,110,8,,880,139
,January 2026,"Jan 9, 2026",1,8,110,7,,880,139
,January 2026,"Jan 9, 2026",2,8,110,7,,880,139
,January 2026,"Jan 9, 2026",3,8,110,7,,880,139
,January 2026,"Jan 9, 2026",4,8,110,9,,880,139
,January 2026,"Jan 25, 2026",1,8,110,9,,880,139
,January 2026,"Jan 25, 2026",2,8,100,9,,800,127
,January 2026,"Jan 25, 2026",3,8,90,8,,720,114
,January 2026,"Jan 25, 2026",4,8,90,8,,720,114
,January 2026,"Jan 27, 2026",1,15,60,5,,900,90
,January 2026,"Jan 27, 2026",2,15,70,8,,1050,105
,January 2026,"Jan 27, 2026",3,15,60,8,,900,90
,January 2026,"Jan 27, 2026",4,15,60,10,,900,90
February 2026,,,12,,70,,,1050,105
,February 2026,"Feb 6, 2026",1,15,60,4,,900,90
,February 2026,"Feb 6, 2026",2,15,70,7,,1050,105
,February 2026,"Feb 6, 2026",3,15,70,9,,1050,105
,February 2026,"Feb 6, 2026",4,15,65,10,,975,98
,February 2026,"Feb 9, 2026",1,15,70,5,,1050,105
,February 2026,"Feb 9, 2026",2,15,70,7,,1050,105
,February 2026,"Feb 9, 2026",3,15,70,8,,1050,105
,February 2026,"Feb 9, 2026",4,15,70,10,,1050,105
,February 2026,"Feb 24, 2026",1,15,70,6,,1050,105
,February 2026,"Feb 24, 2026",2,15,70,7,,1050,105
,February 2026,"Feb 24, 2026",3,15,70,7,,1050,105
,February 2026,"Feb 24, 2026",4,15,70,8,,1050,105
March 2026,,,12,,75,,,1125,113
,March 2026,"Mar 1, 2026",1,15,70,6,,1050,105
,March 2026,"Mar 1, 2026",2,15,70,7,,1050,105
,March 2026,"Mar 1, 2026",3,15,70,8,,1050,105
,March 2026,"Mar 1, 2026",4,15,70,9,,1050,105
,March 2026,"Mar 8, 2026",1,15,70,5,,1050,105
,March 2026,"Mar 8, 2026",2,15,70,7,,1050,105
,March 2026,"Mar 8, 2026",3,15,70,8,,1050,105
,March 2026,"Mar 8, 2026",4,15,70,8,,1050,105
,March 2026,"Mar 22, 2026",1,15,70,2,,1050,105
,March 2026,"Mar 22, 2026",2,15,70,6,,1050,105
,March 2026,"Mar 22, 2026",3,15,75,8,,1125,113
,March 2026,"Mar 22, 2026",4,15,75,9,,1125,113
April 2026,,,7,,75,,,1125,113
,April 2026,"Apr 5, 2026",1,15,75,6,,1125,113
,April 2026,"Apr 5, 2026",2,15,75,7,,1125,113
,April 2026,"Apr 5, 2026",3,15,75,9,,1125,113
,April 2026,"Apr 23, 2026",1,15,75,5,,1125,113
,April 2026,"Apr 23, 2026",2,15,75,6,,1125,113
,April 2026,"Apr 23, 2026",3,15,75,7,,1125,113
,April 2026,"Apr 23, 2026",4,15,70,10,,1050,105
May 2026,,,8,,80,,,1200,120
,May 2026,"May 5, 2026",1,15,70,4,,1050,105
,May 2026,"May 5, 2026",2,15,75,7,,1125,113
,May 2026,"May 5, 2026",3,15,75,8,,1125,113
,May 2026,"May 5, 2026",4,15,75,9,,1125,113
,May 2026,"May 15, 2026",1,15,75,4,,1125,113
,May 2026,"May 15, 2026",2,15,80,6,,1200,120
,May 2026,"May 15, 2026",3,15,80,8,,1200,120
,May 2026,"May 15, 2026",4,15,80,7,,1200,120

,,Date,Set,Reps,Weight (lbs),Difficulty,,Volume (lbs),Est 1RM
January 2025,,,6,,185,,,1850,247
,January 2025,"Jan 22, 2025",1,10,95,3,,950,127
,January 2025,"Jan 22, 2025",2,10,115,4,,1150,153
,January 2025,"Jan 22, 2025",3,10,135,6,,1350,180
,January 2025,"Jan 25, 2025",1,10,135,5,,1350,180
,January 2025,"Jan 25, 2025",2,10,155,6,,1550,207
,January 2025,"Jan 25, 2025",3,10,185,8,,1850,247
February 2025,,,9,,225,,,2250,300
,February 2025,"Feb 6, 2025",1,10,155,6,,1550,207
,February 2025,"Feb 6, 2025",2,10,185,7,,1850,247
,February 2025,"Feb 6, 2025",3,10,205,8,,2050,273
,February 2025,"Feb 16, 2025",1,10,185,6,,1850,247
,February 2025,"Feb 16, 2025",2,10,225,8,,2250,300
,February 2025,"Feb 16, 2025",3,10,225,8,,2250,300
,February 2025,"Feb 22, 2025",1,10,185,5,,1850,247
,February 2025,"Feb 22, 2025",2,10,225,7,,2250,300
,February 2025,"Feb 22, 2025",3,10,225,8,,2250,300
March 2025,,,3,,245,,,2450,327
,March 2025,"Mar 2, 2025",1,10,225,6,,2250,300
,March 2025,"Mar 2, 2025",2,10,245,8,,2450,327
,March 2025,"Mar 2, 2025",3,10,245,9,,2450,327
September 2025,,,8,,295,,,1475,344
,September 2025,"Sep 16, 2025",1,5,225,3,,1125,263
,September 2025,"Sep 16, 2025",2,5,275,9,,1375,321
,September 2025,"Sep 16, 2025",3,5,275,9,,1375,321
,September 2025,"Sep 16, 2025",4,5,275,9,,1375,321
,September 2025,"Sep 25, 2025",1,5,225,2,,1125,263
,September 2025,"Sep 25, 2025",2,5,275,8,,1375,321
,September 2025,"Sep 25, 2025",3,5,275,8,,1375,321
,September 2025,"Sep 25, 2025",4,5,295,10,,1475,344
October 2025,,,4,,275,,,1375,321
,October 2025,"Oct 25, 2025",1,5,225,5,,1125,263
,October 2025,"Oct 25, 2025",2,5,275,8,,1375,321
,October 2025,"Oct 25, 2025",3,5,275,8,,1375,321
,October 2025,"Oct 25, 2025",4,5,275,8,,1375,321
November 2025,,,16,,315,,,1575,368
,November 2025,"Nov 2, 2025",1,5,225,6,,1125,263
,November 2025,"Nov 2, 2025",2,5,275,8,,1375,321
,November 2025,"Nov 2, 2025",3,5,275,8,,1375,321
,November 2025,"Nov 2, 2025",4,5,275,8,,1375,321
,November 2025,"Nov 9, 2025",1,5,225,5,,1125,263
,November 2025,"Nov 9, 2025",2,5,275,8,,1375,321
,November 2025,"Nov 9, 2025",3,5,275,8,,1375,321
,November 2025,"Nov 9, 2025",4,5,275,8,,1375,321
,November 2025,"Nov 23, 2025",1,5,225,4,,1125,263
,November 2025,"Nov 23, 2025",2,5,275,7,,1375,321
,November 2025,"Nov 23, 2025",3,5,275,7,,1375,321
,November 2025,"Nov 23, 2025",4,5,295,9,,1475,344
,November 2025,"Nov 29, 2025",1,5,225,5,,1125,263
,November 2025,"Nov 29, 2025",2,5,275,6,,1375,321
,November 2025,"Nov 29, 2025",3,5,295,7,,1475,344
,November 2025,"Nov 29, 2025",4,5,315,8,,1575,368
December 2025,,,4,,315,,,1575,368
,December 2025,"Dec 7, 2025",1,5,245,5,,1225,286
,December 2025,"Dec 7, 2025",2,5,275,7,,1375,321
,December 2025,"Dec 7, 2025",3,5,315,9,,1575,368
,December 2025,"Dec 7, 2025",4,5,315,10,,1575,368
January 2026,,,16,,315,,,1575,368
,January 2026,"Jan 2, 2026",1,5,225,4,,1125,263
,January 2026,"Jan 2, 2026",2,5,275,7,,1375,321
,January 2026,"Jan 2, 2026",3,5,295,8,,1475,344
,January 2026,"Jan 2, 2026",4,5,295,8,,1475,344
,January 2026,"Jan 9, 2026",1,5,225,3,,1125,263
,January 2026,"Jan 9, 2026",2,5,275,5,,1375,321
,January 2026,"Jan 9, 2026",3,5,295,7,,1475,344
,January 2026,"Jan 9, 2026",4,5,315,8,,1575,368
,January 2026,"Jan 22, 2026",1,5,275,6,,1375,321
,January 2026,"Jan 22, 2026",2,5,295,7,,1475,344
,January 2026,"Jan 22, 2026",3,5,315,8,,1575,368
,January 2026,"Jan 22, 2026",4,5,315,9,,1575,368
,January 2026,"Jan 27, 2026",1,5,225,6,,1125,263
,January 2026,"Jan 27, 2026",2,5,275,7,,1375,321
,January 2026,"Jan 27, 2026",3,5,295,7,,1475,344
,January 2026,"Jan 27, 2026",4,5,315,9,,1575,368
February 2026,,,12,,315,,,1575,368
,February 2026,"Feb 3, 2026",1,5,225,4,,1125,263
,February 2026,"Feb 3, 2026",2,5,275,6,,1375,321
,February 2026,"Feb 3, 2026",3,5,295,7,,1475,344
,February 2026,"Feb 3, 2026",4,5,315,8,,1575,368
,February 2026,"Feb 9, 2026",1,5,225,5,,1125,263
,February 2026,"Feb 9, 2026",2,5,275,6,,1375,321
,February 2026,"Feb 9, 2026",3,5,315,9,,1575,368
,February 2026,"Feb 9, 2026",4,5,315,9,,1575,368
,February 2026,"Feb 21, 2026",1,5,225,2,,1125,263
,February 2026,"Feb 21, 2026",2,5,275,4,,1375,321
,February 2026,"Feb 21, 2026",3,5,315,8,,1575,368
,February 2026,"Feb 21, 2026",4,5,315,8,,1575,368
March 2026,,,12,,315,,,1575,368
,March 2026,"Mar 1, 2026",1,5,225,2,,1125,263
,March 2026,"Mar 1, 2026",2,5,275,4,,1375,321
,March 2026,"Mar 1, 2026",3,5,315,8,,1575,368
,March 2026,"Mar 1, 2026",4,5,315,8,,1575,368
,March 2026,"Mar 8, 2026",1,5,225,2,,1125,263
,March 2026,"Mar 8, 2026",2,5,275,4,,1375,321
,March 2026,"Mar 8, 2026",3,5,315,8,,1575,368
,March 2026,"Mar 8, 2026",4,5,315,8,,1575,368
,March 2026,"Mar 22, 2026",1,5,225,2,,1125,263
,March 2026,"Mar 22, 2026",2,5,275,4,,1375,321
,March 2026,"Mar 22, 2026",3,5,315,7,,1575,368
,March 2026,"Mar 22, 2026",4,5,315,8,,1575,368
April 2026,,,12,,315,,,1575,368
,April 2026,"Apr 5, 2026",1,5,225,3,,1125,263
,April 2026,"Apr 5, 2026",2,5,275,4,,1375,321
,April 2026,"Apr 5, 2026",3,5,315,8,,1575,368
,April 2026,"Apr 5, 2026",4,5,315,8,,1575,368
,April 2026,"Apr 12, 2026",1,5,225,4,,1125,263
,April 2026,"Apr 12, 2026",2,5,275,6,,1375,321
,April 2026,"Apr 12, 2026",3,5,315,8,,1575,368
,April 2026,"Apr 12, 2026",4,5,315,8,,1575,368
,April 2026,"Apr 23, 2026",1,5,225,3,,1125,263
,April 2026,"Apr 23, 2026",2,5,275,4,,1375,321
,April 2026,"Apr 23, 2026",3,5,315,6,,1575,368
,April 2026,"Apr 23, 2026",4,5,315,7,,1575,368
May 2026,,,8,,335,,,1675,391
,May 2026,"May 3, 2026",1,5,225,2,,1125,263
,May 2026,"May 3, 2026",2,5,275,4,,1375,321
,May 2026,"May 3, 2026",3,5,315,6,,1575,368
,May 2026,"May 3, 2026",4,5,335,7,,1675,391
,May 2026,"May 15, 2026",1,5,225,2,,1125,263
,May 2026,"May 15, 2026",2,5,275,4,,1375,321
,May 2026,"May 15, 2026",3,5,315,6,,1575,368
,May 2026,"May 15, 2026",4,5,335,8,,1675,391

,,Date,Set,Reps,Weight (lbs),Difficulty,,Volume (lbs),Est 1RM
January 2025,,,6,,25,,,300,35
,January 2025,"Jan 21, 2025",1,12,15,2,,180,21
,January 2025,"Jan 21, 2025",2,12,25,9,,300,35
,January 2025,"Jan 21, 2025",3,12,25,8,,300,35
,January 2025,"Jan 26, 2025",1,12,20,3,,240,28
,January 2025,"Jan 26, 2025",2,12,25,8,,300,35
,January 2025,"Jan 26, 2025",3,12,25,9,,300,35
February 2025,,,9,,35,,,420,49
,February 2025,"Feb 5, 2025",1,12,25,4,,300,35
,February 2025,"Feb 5, 2025",2,12,30,8,,360,42
,February 2025,"Feb 5, 2025",3,12,30,10,,360,42
,February 2025,"Feb 15, 2025",1,12,30,5,,360,42
,February 2025,"Feb 15, 2025",2,12,35,10,,420,49
,February 2025,"Feb 15, 2025",3,12,30,9,,360,42
,February 2025,"Feb 21, 2025",1,12,30,7,,360,42
,February 2025,"Feb 21, 2025",2,12,30,7,,360,42
,February 2025,"Feb 21, 2025",3,12,35,9,,420,49
March 2025,,,3,,35,,,420,49
,March 2025,"Mar 1, 2025",1,12,30,6,,360,42
,March 2025,"Mar 1, 2025",2,12,35,9,,420,49
,March 2025,"Mar 1, 2025",3,12,30,9,,360,42
November 2025,,,6,,40,,,480,56
,November 2025,"Nov 25, 2025",1,12,30,3,,360,42
,November 2025,"Nov 25, 2025",2,12,35,7,,420,49
,November 2025,"Nov 25, 2025",3,12,35,9,,420,49
,November 2025,"Nov 30, 2025",1,12,35,5,,420,49
,November 2025,"Nov 30, 2025",2,12,40,9,,480,56
,November 2025,"Nov 30, 2025",3,12,35,9,,420,49
December 2025,,,3,,42.5,,,510,60
,December 2025,"Dec 11, 2025",1,12,35,4,,420,49
,December 2025,"Dec 11, 2025",2,12,42.5,8,,510,60
,December 2025,"Dec 11, 2025",3,12,42.5,9,,510,60
January 2026,,,12,,50,,,600,70
,January 2026,"Jan 3, 2026",1,12,40,7,,480,56
,January 2026,"Jan 3, 2026",2,12,40,8,,480,56
,January 2026,"Jan 3, 2026",3,12,40,9,,480,56
,January 2026,"Jan 11, 2026",1,12,42.5,6,,510,60
,January 2026,"Jan 11, 2026",2,12,50,9,,600,70
,January 2026,"Jan 11, 2026",3,12,45,10,,540,63
,January 2026,"Jan 23, 2026",1,12,44,6,,528,62
,January 2026,"Jan 23, 2026",2,12,49.5,8,,594,69
,January 2026,"Jan 23, 2026",3,12,49.5,10,,594,69
,January 2026,"Jan 28, 2026",1,12,49.5,7,,594,69
,January 2026,"Jan 28, 2026",2,12,49.5,8,,594,69
,January 2026,"Jan 28, 2026",3,12,49.5,10,,594,69
February 2026,,,12,,55,,,660,77
,February 2026,"Feb 5, 2026",1,12,49.5,6,,594,69
,February 2026,"Feb 5, 2026",2,12,49.5,8,,594,69
,February 2026,"Feb 5, 2026",3,12,49.5,10,,594,69
,February 2026,"Feb 8, 2026",1,12,49.5,4,,594,69
,February 2026,"Feb 8, 2026",2,12,49.5,6,,594,69
,February 2026,"Feb 8, 2026",3,12,49.5,9,,594,69
,February 2026,"Feb 14, 2026",1,12,49.5,3,,594,69
,February 2026,"Feb 14, 2026",2,12,55,8,,660,77
,February 2026,"Feb 14, 2026",3,12,49.5,8,,594,69
,February 2026,"Feb 22, 2026",1,12,49.5,3,,594,69
,February 2026,"Feb 22, 2026",2,12,55,8,,660,77
,February 2026,"Feb 22, 2026",3,12,49.5,8,,594,69
March 2026,,,6,,55,,,825,83
,March 2026,"Mar 6, 2026",1,15,55,5,,825,83
,March 2026,"Mar 6, 2026",2,15,55,7,,825,83
,March 2026,"Mar 6, 2026",3,15,55,9,,825,83
,March 2026,"Mar 25, 2026",1,15,55,4,,825,83
,March 2026,"Mar 25, 2026",2,15,55,6,,825,83
,March 2026,"Mar 25, 2026",3,15,55,8,,825,83
April 2026,,,12,,60.5,,,825,85
,April 2026,"Apr 4, 2026",1,15,55,6,,825,83
,April 2026,"Apr 4, 2026",2,12,55,7,,660,77
,April 2026,"Apr 4, 2026",3,12,55,9,,660,77
,April 2026,"Apr 11, 2026",1,12,55,4,,660,77
,April 2026,"Apr 11, 2026",2,12,60.5,9,,726,85
,April 2026,"Apr 11, 2026",3,12,55,9,,660,77
,April 2026,"Apr 25, 2026",1,12,55,4,,660,77
,April 2026,"Apr 25, 2026",2,12,60.5,9,,726,85
,April 2026,"Apr 25, 2026",3,12,55,7,,660,77
,April 2026,"Apr 29, 2026",1,12,60.5,6,,726,85
,April 2026,"Apr 29, 2026",2,12,60.5,7,,726,85
,April 2026,"Apr 29, 2026",3,12,60.5,9,,726,85
May 2026,,,3,,66,,,792,92
,May 2026,"May 12, 2026",1,12,60.5,7,,726,85
,May 2026,"May 12, 2026",2,12,60.5,6,,726,85
,May 2026,"May 12, 2026",3,12,66,9,,792,92

,,Date,Set,Reps,Weight (lbs),Difficulty,,Volume (lbs),Est 1RM
January 2025,,,6,,50,,,600,70
,January 2025,"Jan 21, 2025",1,12,40,6,,480,56
,January 2025,"Jan 21, 2025",2,12,50,8,,600,70
,January 2025,"Jan 21, 2025",3,10,50,10,,500,67
,January 2025,"Jan 26, 2025",1,12,45,7,,540,63
,January 2025,"Jan 26, 2025",2,12,45,10,,540,63
,January 2025,"Jan 26, 2025",3,8,40,10,,320,51
February 2025,,,9,,55,,,660,77
,February 2025,"Feb 5, 2025",1,12,45,7,,540,63
,February 2025,"Feb 5, 2025",2,12,45,8,,540,63
,February 2025,"Feb 5, 2025",3,12,45,9,,540,63
,February 2025,"Feb 15, 2025",1,12,45,5,,540,63
,February 2025,"Feb 15, 2025",2,12,50,6,,600,70
,February 2025,"Feb 15, 2025",3,12,55,8,,660,77
,February 2025,"Feb 21, 2025",1,12,50,5,,600,70
,February 2025,"Feb 21, 2025",2,12,55,7,,660,77
,February 2025,"Feb 21, 2025",3,12,55,8,,660,77
March 2025,,,3,,60,,,720,84
,March 2025,"Mar 1, 2025",1,12,55,6,,660,77
,March 2025,"Mar 1, 2025",2,12,55,6,,660,77
,March 2025,"Mar 1, 2025",3,12,60,9,,720,84
September 2025,,,6,,65,,,540,82
,September 2025,"Sep 18, 2025",1,8,55,8,,440,70
,September 2025,"Sep 18, 2025",2,8,55,8,,440,70
,September 2025,"Sep 18, 2025",3,8,55,8,,440,70
,September 2025,"Sep 27, 2025",1,8,55,5,,440,70
,September 2025,"Sep 27, 2025",2,9,60,7,,540,78
,September 2025,"Sep 27, 2025",3,8,65,7,,520,82
October 2025,,,3,,70,,,560,89
,October 2025,"Oct 30, 2025",1,8,60,4,,480,76
,October 2025,"Oct 30, 2025",2,8,65,6,,520,82
,October 2025,"Oct 30, 2025",3,8,70,8,,560,89
November 2025,,,6,,70,,,585,89
,November 2025,"Nov 25, 2025",1,8,65,7,,520,82
,November 2025,"Nov 25, 2025",2,8,70,8,,560,89
,November 2025,"Nov 25, 2025",3,8,70,9,,560,89
,November 2025,"Nov 28, 2025",1,9,65,6,,585,85
,November 2025,"Nov 28, 2025",2,8,70,6,,560,89
,November 2025,"Nov 28, 2025",3,8,70,7,,560,89
December 2025,,,9,,75,,,600,95
,December 2025,"Dec 6, 2025",1,8,70,6,,560,89
,December 2025,"Dec 6, 2025",2,8,70,7,,560,89
,December 2025,"Dec 6, 2025",3,8,75,8,,600,95
,December 2025,"Dec 14, 2025",1,8,70,5,,560,89
,December 2025,"Dec 14, 2025",2,8,75,7,,600,95
,December 2025,"Dec 14, 2025",3,8,75,7,,600,95
,December 2025,"Dec 30, 2025",1,8,70,6,,560,89
,December 2025,"Dec 30, 2025",2,8,75,8,,600,95
,December 2025,"Dec 30, 2025",3,8,75,8,,600,95
January 2026,,,9,,75,,,900,105
,January 2026,"Jan 8, 2026",1,8,75,8,,600,95
,January 2026,"Jan 9, 2026",2,8,70,7,,560,89
,January 2026,"Jan 9, 2026",3,8,70,7,,560,89
,January 2026,"Jan 17, 2026",1,12,70,7,,840,98
,January 2026,"Jan 17, 2026",2,12,70,7,,840,98
,January 2026,"Jan 17, 2026",3,12,70,9,,840,98
,January 2026,"Jan 26, 2026",1,12,70,6,,840,98
,January 2026,"Jan 26, 2026",2,12,75,7,,900,105
,January 2026,"Jan 26, 2026",3,12,75,10,,900,105
February 2026,,,9,,75,,,900,105
,February 2026,"Feb 1, 2026",1,12,70,6,,840,98
,February 2026,"Feb 1, 2026",2,12,75,8,,900,105
,February 2026,"Feb 3, 2026",3,12,75,10,,900,105
,February 2026,"Feb 19, 2026",1,12,70,6,,840,98
,February 2026,"Feb 19, 2026",2,12,75,7,,900,105
,February 2026,"Feb 19, 2026",3,12,75,8,,900,105
,February 2026,"Feb 26, 2026",1,12,75,7,,900,105
,February 2026,"Feb 26, 2026",2,12,75,7,,900,105
,February 2026,"Feb 26, 2026",3,12,75,9,,900,105
March 2026,,,3,,75,,,900,105
,March 2026,"Mar 21, 2026",1,12,75,4,,900,105
,March 2026,"Mar 21, 2026",2,12,75,7,,900,105
,March 2026,"Mar 21, 2026",3,12,75,9,,900,105
April 2026,,,9,,75,,,900,105
,April 2026,"Apr 1, 2026",1,12,75,6,,900,105
,April 2026,"Apr 1, 2026",2,12,75,7,,900,105
,April 2026,"Apr 1, 2026",3,12,75,9,,900,105
,April 2026,"Apr 16, 2026",1,12,75,7,,900,105
,April 2026,"Apr 16, 2026",2,12,75,8,,900,105
,April 2026,"Apr 16, 2026",3,12,75,10,,900,105
,April 2026,"Apr 19, 2026",1,12,75,5,,900,105
,April 2026,"Apr 19, 2026",2,12,75,7,,900,105
,April 2026,"Apr 19, 2026",3,12,75,8,,900,105
May 2026,,,3,,75,,,900,105
,May 2026,"May 5, 2026",1,12,75,6,,900,105
,May 2026,"May 5, 2026",2,12,75,7,,900,105
,May 2026,"May 5, 2026",3,12,75,8,,900,105

,,Date,Set,Reps,Weight (lbs),Difficulty,,Volume (lbs),Est 1RM
January 2025,,,6,,90,,,1080,126
,January 2025,"Jan 21, 2025",1,12,90,6,,1080,126
,January 2025,"Jan 21, 2025",2,12,90,8,,1080,126
,January 2025,"Jan 21, 2025",3,10,90,10,,900,120
,January 2025,"Jan 26, 2025",1,12,90,8,,1080,126
,January 2025,"Jan 26, 2025",2,12,85,8,,1020,119
,January 2025,"Jan 26, 2025",3,12,85,8,,1020,119
February 2025,,,9,,100,,,1200,140
,February 2025,"Feb 5, 2025",1,12,90,6,,1080,126
,February 2025,"Feb 5, 2025",2,12,90,7,,1080,126
,February 2025,"Feb 5, 2025",3,12,95,9,,1140,133
,February 2025,"Feb 15, 2025",1,12,95,7,,1140,133
,February 2025,"Feb 15, 2025",2,12,95,8,,1140,133
,February 2025,"Feb 15, 2025",3,12,95,8,,1140,133
,February 2025,"Feb 21, 2025",1,12,95,6,,1140,133
,February 2025,"Feb 21, 2025",2,12,95,7,,1140,133
,February 2025,"Feb 21, 2025",3,12,100,8,,1200,140
March 2025,,,3,,105,,,1260,147
,March 2025,"Mar 1, 2025",1,12,95,6,,1140,133
,March 2025,"Mar 1, 2025",2,12,100,7,,1200,140
,March 2025,"Mar 1, 2025",3,12,105,8,,1260,147
September 2025,,,9,,120,,,960,152
,September 2025,"Sep 15, 2025",1,8,100,5,,800,127
,September 2025,"Sep 15, 2025",2,8,100,6,,800,127
,September 2025,"Sep 15, 2025",3,8,110,8,,880,139
,September 2025,"Sep 24, 2025",1,8,110,7,,880,139
,September 2025,"Sep 24, 2025",2,8,110,7,,880,139
,September 2025,"Sep 24, 2025",3,8,110,6,,880,139
,September 2025,"Sep 30, 2025",1,8,120,7,,960,152
,September 2025,"Sep 30, 2025",2,8,120,8,,960,152
,September 2025,"Sep 30, 2025",3,8,120,8,,960,152
October 2025,,,6,,120,,,960,152
,October 2025,"Oct 24, 2025",1,8,120,7,,960,152
,October 2025,"Oct 24, 2025",2,8,120,7,,960,152
,October 2025,"Oct 24, 2025",3,8,120,7,,960,152
,October 2025,"Oct 30, 2025",1,8,110,4,,880,139
,October 2025,"Oct 30, 2025",2,8,120,7,,960,152
,October 2025,"Oct 30, 2025",3,8,120,7,,960,152
November 2025,,,9,,140,,,1120,177
,November 2025,"Nov 8, 2025",1,8,120,5,,960,152
,November 2025,"Nov 8, 2025",2,8,130,6,,1040,165
,November 2025,"Nov 8, 2025",3,8,140,8,,1120,177
,November 2025,"Nov 22, 2025",1,8,140,8,,1120,177
,November 2025,"Nov 22, 2025",2,8,140,8,,1120,177
,November 2025,"Nov 22, 2025",3,8,140,8,,1120,177
,November 2025,"Nov 28, 2025",1,8,140,7,,1120,177
,November 2025,"Nov 28, 2025",2,8,140,8,,1120,177
,November 2025,"Nov 28, 2025",3,8,140,8,,1120,177
December 2025,,,3,,140,,,1120,177
,December 2025,"Dec 14, 2025",1,8,140,6,,1120,177
,December 2025,"Dec 14, 2025",2,8,140,8,,1120,177
,December 2025,"Dec 14, 2025",3,8,140,8,,1120,177
January 2026,,,3,,140,,,1120,177
,January 2026,"Jan 8, 2026",1,8,140,6,,1120,177
,January 2026,"Jan 8, 2026",2,8,140,7,,1120,177
,January 2026,"Jan 8, 2026",3,8,140,7,,1120,177
February 2026,,,6,,140,,,1120,177
,February 2026,"Feb 19, 2026",1,8,140,7,,1120,177
,February 2026,"Feb 19, 2026",2,8,140,7,,1120,177
,February 2026,"Feb 19, 2026",3,8,140,7,,1120,177
,February 2026,"Feb 26, 2026",1,8,140,7,,1120,177
,February 2026,"Feb 26, 2026",2,8,140,7,,1120,177
,February 2026,"Feb 26, 2026",3,8,140,7,,1120,177
April 2026,,,3,,130,,,1040,165
,April 2026,"Apr 1, 2026",1,8,130,8,,1040,165
,April 2026,"Apr 1, 2026",2,8,130,7,,1040,165
,April 2026,"Apr 1, 2026",3,8,130,7,,1040,165

,,Date,Set,Reps,Weight (lbs),Difficulty,,Volume (lbs),Est 1RM
January 2025,,,8,,95,,,760,120
,January 2025,"Jan 21, 2025",1,8,95,8,,760,120
,January 2025,"Jan 21, 2025",2,8,95,10,,760,120
,January 2025,"Jan 21, 2025",3,8,65,3,,520,82
,January 2025,"Jan 21, 2025",4,8,85,7,,680,108
,January 2025,"Jan 26, 2025",1,8,85,6,,680,108
,January 2025,"Jan 26, 2025",2,8,85,7,,680,108
,January 2025,"Jan 26, 2025",3,8,95,9,,760,120
,January 2025,"Jan 26, 2025",4,8,85,8,,680,108
February 2025,,,8,,115,,,920,146
,February 2025,"Feb 15, 2025",1,8,95,5,,760,120
,February 2025,"Feb 15, 2025",2,8,115,8,,920,146
,February 2025,"Feb 15, 2025",3,8,115,9,,920,146
,February 2025,"Feb 15, 2025",4,8,95,8,,760,120
,February 2025,"Feb 21, 2025",1,8,115,5,,920,146
,February 2025,"Feb 21, 2025",2,8,115,7,,920,146
,February 2025,"Feb 21, 2025",3,8,115,8,,920,146
,February 2025,"Feb 21, 2025",4,8,115,8,,920,146
March 2025,,,4,,115,,,920,146
,March 2025,"Mar 1, 2025",1,8,115,7,,920,146
,March 2025,"Mar 1, 2025",2,8,115,8,,920,146
,March 2025,"Mar 1, 2025",3,8,115,8,,920,146
,March 2025,"Mar 1, 2025",4,8,115,9,,920,146
September 2025,,,9,,135,,,810,162
,September 2025,"Sep 15, 2025",1,6,135,7,,810,162
,September 2025,"Sep 15, 2025",2,6,135,8,,810,162
,September 2025,"Sep 15, 2025",3,6,135,9,,810,162
,September 2025,"Sep 24, 2025",1,6,135,8,,810,162
,September 2025,"Sep 24, 2025",2,6,135,8,,810,162
,September 2025,"Sep 24, 2025",3,6,135,9,,810,162
,September 2025,"Sep 30, 2025",1,6,135,8,,810,162
,September 2025,"Sep 30, 2025",2,6,135,8,,810,162
,September 2025,"Sep 30, 2025",3,6,135,9,,810,162
October 2025,,,6,,155,,,930,186
,October 2025,"Oct 24, 2025",1,6,135,6,,810,162
,October 2025,"Oct 24, 2025",2,6,155,10,,930,186
,October 2025,"Oct 24, 2025",3,6,135,8,,810,162
,October 2025,"Oct 30, 2025",1,6,135,4,,810,162
,October 2025,"Oct 30, 2025",2,6,155,9,,930,186
,October 2025,"Oct 30, 2025",3,5,155,10,,775,181
November 2025,,,12,,165,,,990,198
,November 2025,"Nov 8, 2025",1,6,135,6,,810,162
,November 2025,"Nov 8, 2025",2,6,155,9,,930,186
,November 2025,"Nov 8, 2025",3,6,135,7,,810,162
,November 2025,"Nov 16, 2025",1,6,135,6,,810,162
,November 2025,"Nov 16, 2025",2,6,135,5,,810,162
,November 2025,"Nov 16, 2025",3,6,155,9,,930,186
,November 2025,"Nov 22, 2025",1,6,135,6,,810,162
,November 2025,"Nov 22, 2025",2,6,155,8,,930,186
,November 2025,"Nov 22, 2025",3,6,155,9,,930,186
,November 2025,"Nov 30, 2025",1,6,135,6,,810,162
,November 2025,"Nov 30, 2025",2,6,155,7,,930,186
,November 2025,"Nov 30, 2025",3,6,165,8,,990,198
January 2026,,,3,,165,,,990,198
,January 2026,"Jan 11, 2026",1,6,155,7,,930,186
,January 2026,"Jan 11, 2026",2,6,155,7,,930,186
,January 2026,"Jan 11, 2026",3,6,165,8,,990,198
April 2026,,,3,,155,,,930,186
,April 2026,"Apr 16, 2026",1,6,135,6,,810,162
,April 2026,"Apr 16, 2026",2,6,135,6,,810,162
,April 2026,"Apr 16, 2026",3,6,155,7,,930,186
(error),,,0,,0,,,0,0
,,,,,,,,0,0

,,Date,Set,Reps,Weight (lbs),Difficulty,,Volume (lbs),Est 1RM
January 2025,,,8,,135,,,1350,180
,January 2025,"Jan 21, 2025",1,10,135,6,,1350,180
,January 2025,"Jan 21, 2025",2,10,135,9,,1350,180
,January 2025,"Jan 21, 2025",3,10,115,9,,1150,153
,January 2025,"Jan 21, 2025",4,10,95,5,,950,127
,January 2025,"Jan 26, 2025",1,10,135,7,,1350,180
,January 2025,"Jan 26, 2025",2,10,135,10,,1350,180
,January 2025,"Jan 26, 2025",3,10,115,10,,1150,153
,January 2025,"Jan 26, 2025",4,10,95,8,,950,127
February 2025,,,12,,135,,,1350,180
,February 2025,"Feb 5, 2025",1,10,135,7,,1350,180
,February 2025,"Feb 5, 2025",2,10,135,9,,1350,180
,February 2025,"Feb 5, 2025",3,10,115,9,,1150,153
,February 2025,"Feb 5, 2025",4,10,95,8,,950,127
,February 2025,"Feb 15, 2025",1,10,135,5,,1350,180
,February 2025,"Feb 15, 2025",2,10,135,7,,1350,180
,February 2025,"Feb 15, 2025",3,10,135,10,,1350,180
,February 2025,"Feb 15, 2025",4,10,115,10,,1150,153
,February 2025,"Feb 21, 2025",1,10,135,7,,1350,180
,February 2025,"Feb 21, 2025",2,10,135,8,,1350,180
,February 2025,"Feb 21, 2025",3,10,135,9,,1350,180
,February 2025,"Feb 21, 2025",4,10,115,7,,1150,153
March 2025,,,4,,155,,,1550,207
,March 2025,"Mar 1, 2025",1,10,135,5,,1350,180
,March 2025,"Mar 1, 2025",2,10,155,8,,1550,207
,March 2025,"Mar 1, 2025",3,10,135,7,,1350,180
,March 2025,"Mar 1, 2025",4,10,135,10,,1350,180
September 2025,,,12,,175,,,1350,204
,September 2025,"Sep 15, 2025",1,5,155,4,,775,181
,September 2025,"Sep 15, 2025",2,5,165,8,,825,193
,September 2025,"Sep 15, 2025",3,5,165,7,,825,193
,September 2025,"Sep 15, 2025",4,5,165,9,,825,193
,September 2025,"Sep 24, 2025",1,5,155,4,,775,181
,September 2025,"Sep 24, 2025",2,5,165,8,,825,193
,September 2025,"Sep 24, 2025",3,4,175,10,,700,198
,September 2025,"Sep 24, 2025",4,10,135,7,,1350,180
,September 2025,"Sep 30, 2025",1,5,155,4,,775,181
,September 2025,"Sep 30, 2025",2,5,175,9,,875,204
,September 2025,"Sep 30, 2025",3,5,155,6,,775,181
,September 2025,"Sep 30, 2025",4,5,165,8,,825,193
October 2025,,,8,,185,,,925,216
,October 2025,"Oct 24, 2025",1,5,155,3,,775,181
,October 2025,"Oct 24, 2025",2,5,175,8,,875,204
,October 2025,"Oct 24, 2025",3,5,165,6,,825,193
,October 2025,"Oct 24, 2025",4,5,175,9,,875,204
,October 2025,"Oct 30, 2025",1,5,155,2,,775,181
,October 2025,"Oct 30, 2025",2,5,175,7,,875,204
,October 2025,"Oct 30, 2025",3,5,185,9,,925,216
,October 2025,"Oct 30, 2025",4,5,175,9,,875,204
November 2025,,,16,,205,,,1025,239
,November 2025,"Nov 8, 2025",1,5,155,4,,775,181
,November 2025,"Nov 8, 2025",2,5,175,8,,875,204
,November 2025,"Nov 8, 2025",3,5,175,8,,875,204
,November 2025,"Nov 8, 2025",4,5,175,8,,875,204
,November 2025,"Nov 16, 2025",1,5,155,2,,775,181
,November 2025,"Nov 16, 2025",2,5,177,6,,885,207
,November 2025,"Nov 16, 2025",3,5,185,9,,925,216
,November 2025,"Nov 16, 2025",4,5,185,9,,925,216
,November 2025,"Nov 22, 2025",1,5,165,5,,825,193
,November 2025,"Nov 22, 2025",2,5,175,7,,875,204
,November 2025,"Nov 22, 2025",3,5,185,9,,925,216
,November 2025,"Nov 22, 2025",4,5,185,9,,925,216
,November 2025,"Nov 28, 2025",1,6,165,4,,990,198
,November 2025,"Nov 28, 2025",2,5,185,6,,925,216
,November 2025,"Nov 28, 2025",3,5,205,9,,1025,239
,November 2025,"Nov 28, 2025",4,5,185,8,,925,216
December 2025,,,12,,185,,,925,216
,December 2025,"Dec 6, 2025",1,5,165,5,,825,193
,December 2025,"Dec 6, 2025",2,5,175,6,,875,204
,December 2025,"Dec 6, 2025",3,5,185,8,,925,216
,December 2025,"Dec 6, 2025",4,5,185,7,,925,216
,December 2025,"Dec 14, 2025",1,5,165,6,,825,193
,December 2025,"Dec 14, 2025",2,5,175,7,,875,204
,December 2025,"Dec 14, 2025",3,5,185,8,,925,216
,December 2025,"Dec 14, 2025",4,5,185,8,,925,216
,December 2025,"Dec 30, 2025",1,5,165,6,,825,193
,December 2025,"Dec 30, 2025",2,5,175,7,,875,204
,December 2025,"Dec 30, 2025",3,5,175,7,,875,204
,December 2025,"Dec 30, 2025",4,5,185,8,,925,216
January 2026,,,12,,195,,,975,228
,January 2026,"Jan 8, 2026",1,5,165,5,,825,193
,January 2026,"Jan 8, 2026",2,5,185,8,,925,216
,January 2026,"Jan 8, 2026",3,5,185,8,,925,216
,January 2026,"Jan 8, 2026",4,5,185,8,,925,216
,January 2026,"Jan 17, 2026",1,5,175,6,,875,204
,January 2026,"Jan 17, 2026",2,5,185,8,,925,216
,January 2026,"Jan 17, 2026",3,5,185,8,,925,216
,January 2026,"Jan 17, 2026",4,5,185,8,,925,216
,January 2026,"Jan 26, 2026",1,5,185,6,,925,216
,January 2026,"Jan 26, 2026",2,5,195,9,,975,228
,January 2026,"Jan 26, 2026",3,5,185,7,,925,216
,January 2026,"Jan 26, 2026",4,5,185,8,,925,216
February 2026,,,16,,205,,,1025,239
,February 2026,"Feb 1, 2026",1,5,185,6,,925,216
,February 2026,"Feb 1, 2026",2,5,195,8,,975,228
,February 2026,"Feb 1, 2026",3,5,195,8,,975,228
,February 2026,"Feb 1, 2026",4,5,195,9,,975,228
,February 2026,"Feb 8, 2026",1,5,185,6,,925,216
,February 2026,"Feb 8, 2026",2,5,195,7,,975,228
,February 2026,"Feb 8, 2026",3,5,205,8,,1025,239
,February 2026,"Feb 8, 2026",4,5,205,8,,1025,239
,February 2026,"Feb 19, 2026",1,5,185,7,,925,216
,February 2026,"Feb 19, 2026",2,5,185,7,,925,216
,February 2026,"Feb 19, 2026",3,5,195,7,,975,228
,February 2026,"Feb 19, 2026",4,5,205,8,,1025,239
,February 2026,"Feb 26, 2026",1,5,185,5,,925,216
,February 2026,"Feb 26, 2026",2,5,205,9,,1025,239
,February 2026,"Feb 26, 2026",3,5,195,8,,975,228
,February 2026,"Feb 26, 2026",4,5,195,9,,975,228
March 2026,,,8,,205,,,1025,239
,March 2026,"Mar 6, 2026",1,5,185,6,,925,216
,March 2026,"Mar 6, 2026",2,5,185,6,,925,216
,March 2026,"Mar 6, 2026",3,5,195,8,,975,228
,March 2026,"Mar 6, 2026",4,5,195,8,,975,228
,March 2026,"Mar 21, 2026",1,5,185,6,,925,216
,March 2026,"Mar 21, 2026",2,5,195,7,,975,228
,March 2026,"Mar 21, 2026",3,5,205,8,,1025,239
,March 2026,"Mar 21, 2026",4,5,205,9,,1025,239
April 2026,,,16,,215,,,1075,251
,April 2026,"Apr 1, 2026",1,5,185,6,,925,216
,April 2026,"Apr 1, 2026",2,5,195,7,,975,228
,April 2026,"Apr 1, 2026",3,5,195,7,,975,228
,April 2026,"Apr 1, 2026",4,5,205,8,,1025,239
,April 2026,"Apr 11, 2026",1,5,185,5,,925,216
,April 2026,"Apr 11, 2026",2,5,195,6,,975,228
,April 2026,"Apr 11, 2026",3,5,205,8,,1025,239
,April 2026,"Apr 11, 2026",4,5,205,8,,1025,239
,April 2026,"Apr 19, 2026",1,5,185,5,,925,216
,April 2026,"Apr 19, 2026",2,5,195,7,,975,228
,April 2026,"Apr 19, 2026",3,5,205,7,,1025,239
,April 2026,"Apr 19, 2026",4,5,215,10,,1075,251
,April 2026,"Apr 29, 2026",1,5,185,4,,925,216
,April 2026,"Apr 29, 2026",2,5,205,8,,1025,239
,April 2026,"Apr 29, 2026",3,5,205,8,,1025,239
,April 2026,"Apr 29, 2026",4,5,205,9,,1025,239
May 2026,,,4,,205,,,1025,239
,May 2026,"May 12, 2026",1,5,185,6,,925,216
,May 2026,"May 12, 2026",2,5,195,6,,975,228
,May 2026,"May 12, 2026",3,5,205,8,,1025,239
,May 2026,"May 12, 2026",4,5,205,9,,1025,239

,,Date,Set,Reps,Weight (lbs),Difficulty,,Volume (lbs),Est 1RM
September 2025,,,8,,295,,,1475,344
,September 2025,"Sep 21, 2025",1,5,225,4,,1125,263
,September 2025,"Sep 21, 2025",2,5,275,6,,1375,321
,September 2025,"Sep 21, 2025",3,5,275,6,,1375,321
,September 2025,"Sep 21, 2025",4,5,295,7,,1475,344
,September 2025,"Sep 29, 2025",1,5,275,7,,1375,321
,September 2025,"Sep 29, 2025",2,5,275,8,,1375,321
,September 2025,"Sep 29, 2025",3,5,225,6,,1125,263
,September 2025,"Sep 29, 2025",4,5,225,4,,1125,263
October 2025,,,4,,275,,,1375,321
,October 2025,"Oct 29, 2025",1,5,225,3,,1125,263
,October 2025,"Oct 29, 2025",2,5,245,5,,1225,286
,October 2025,"Oct 29, 2025",3,5,275,7,,1375,321
,October 2025,"Oct 29, 2025",4,5,275,7,,1375,321
November 2025,,,8,,295,,,1475,344
,November 2025,"Nov 15, 2025",1,5,225,5,,1125,263
,November 2025,"Nov 15, 2025",2,5,245,6,,1225,286
,November 2025,"Nov 15, 2025",3,5,245,6,,1225,286
,November 2025,"Nov 15, 2025",4,5,275,7,,1375,321
,November 2025,"Nov 26, 2025",1,5,225,6,,1125,263
,November 2025,"Nov 26, 2025",2,5,245,6,,1225,286
,November 2025,"Nov 26, 2025",3,5,275,7,,1375,321
,November 2025,"Nov 26, 2025",4,5,295,9,,1475,344
December 2025,,,8,,295,,,1475,344
,December 2025,"Dec 4, 2025",1,5,225,6,,1125,263
,December 2025,"Dec 4, 2025",2,5,245,6,,1225,286
,December 2025,"Dec 4, 2025",3,5,275,7,,1375,321
,December 2025,"Dec 4, 2025",4,5,295,8,,1475,344
,December 2025,"Dec 13, 2025",1,5,225,4,,1125,263
,December 2025,"Dec 13, 2025",2,5,275,7,,1375,321
,December 2025,"Dec 13, 2025",3,5,275,7,,1375,321
,December 2025,"Dec 13, 2025",4,5,275,7,,1375,321
January 2026,,,16,,295,,,1475,344
,January 2026,"Jan 6, 2026",1,5,225,4,,1125,263
,January 2026,"Jan 6, 2026",2,5,275,8,,1375,321
,January 2026,"Jan 6, 2026",3,5,275,8,,1375,321
,January 2026,"Jan 6, 2026",4,5,275,8,,1375,321
,January 2026,"Jan 13, 2026",1,5,225,4,,1125,263
,January 2026,"Jan 13, 2026",2,5,275,7,,1375,321
,January 2026,"Jan 13, 2026",3,5,275,7,,1375,321
,January 2026,"Jan 13, 2026",4,5,275,7,,1375,321
,January 2026,"Jan 24, 2026",1,5,225,7,,1125,263
,January 2026,"Jan 24, 2026",2,5,225,7,,1125,263
,January 2026,"Jan 24, 2026",3,5,225,7,,1125,263
,January 2026,"Jan 24, 2026",4,10,135,5,,1350,180
,January 2026,"Jan 30, 2026",1,6,225,6,,1350,270
,January 2026,"Jan 30, 2026",2,5,275,7,,1375,321
,January 2026,"Jan 30, 2026",3,5,275,7,,1375,321
,January 2026,"Jan 30, 2026",4,5,295,7,,1475,344
February 2026,,,12,,295,,,1475,344
,February 2026,"Feb 7, 2026",1,5,225,4,,1125,263
,February 2026,"Feb 7, 2026",2,5,275,7,,1375,321
,February 2026,"Feb 7, 2026",3,5,295,8,,1475,344
,February 2026,"Feb 7, 2026",4,5,295,9,,1475,344
,February 2026,"Feb 17, 2026",1,5,225,3,,1125,263
,February 2026,"Feb 17, 2026",2,5,275,7,,1375,321
,February 2026,"Feb 17, 2026",3,5,295,8,,1475,344
,February 2026,"Feb 17, 2026",4,5,295,8,,1475,344
,February 2026,"Feb 25, 2026",1,5,225,5,,1125,263
,February 2026,"Feb 25, 2026",2,5,275,7,,1375,321
,February 2026,"Feb 25, 2026",3,5,275,7,,1375,321
,February 2026,"Feb 25, 2026",4,5,295,9,,1475,344
March 2026,,,8,,295,,,1475,344
,March 2026,"Mar 10, 2026",1,5,225,4,,1125,263
,March 2026,"Mar 10, 2026",2,5,275,8,,1375,321
,March 2026,"Mar 10, 2026",3,5,275,7,,1375,321
,March 2026,"Mar 10, 2026",4,5,295,9,,1475,344
,March 2026,"Mar 29, 2026",1,5,225,6,,1125,263
,March 2026,"Mar 29, 2026",2,5,275,7,,1375,321
,March 2026,"Mar 29, 2026",3,5,275,7,,1375,321
,March 2026,"Mar 29, 2026",4,5,295,8,,1475,344
April 2026,,,12,,295,,,1475,344
,April 2026,"Apr 7, 2026",1,5,225,5,,1125,263
,April 2026,"Apr 7, 2026",2,5,275,7,,1375,321
,April 2026,"Apr 7, 2026",3,5,275,7,,1375,321
,April 2026,"Apr 7, 2026",4,5,275,6,,1375,321
,April 2026,"Apr 14, 2026",1,5,225,5,,1125,263
,April 2026,"Apr 14, 2026",2,5,275,6,,1375,321
,April 2026,"Apr 14, 2026",3,5,275,6,,1375,321
,April 2026,"Apr 14, 2026",4,5,295,8,,1475,344
,April 2026,"Apr 28, 2026",1,5,225,2,,1125,263
,April 2026,"Apr 28, 2026",2,5,275,5,		,1375,321
,April 2026,"Apr 28, 2026",3,5,275,6,,1375,321
,April 2026,"Apr 28, 2026",4,5,295,7,,1475,344
May 2026,,,4,,315,,,1575,368
,May 2026,"May 10, 2026",1,5,225,3,,1125,263
,May 2026,"May 10, 2026",2,5,275,5,,1375,321
,May 2026,"May 10, 2026",3,5,295,7,,1475,344
,May 2026,"May 10, 2026",4,5,315,7,,1575,368
(error),,,0,,0,,,0,0
,,,,,,,,0,0